site_id,year,month,total_visits
1,2020,1,17378
2,2020,1,15571
3,2020,1,2294
4,2020,1,2634
5,2020,1,2131
6,2020,1,2646
7,2020,1,2737
8,2020,1,2866
9,2020,1,2441
10,2020,1,2224
11,2020,1,2178
12,2020,1,2412
13,2020,1,2673
14,2020,1,2201
15,2020,1,2360
16,2020,1,2785
17,2020,1,2227
18,2020,1,2705
19,2020,1,2689
20,2020,1,17798
21,2020,1,22957
22,2020,1,17857
23,2020,1,20183
24,2020,1,2131
25,2020,1,2612
26,2020,1,2455
27,2020,1,2666
28,2020,1,2596
29,2020,1,2238
30,2020,1,2433
31,2020,1,2639
32,2020,1,2769
33,2020,1,35040
34,2020,1,2200
35,2020,1,2689
36,2020,1,2567
37,2020,1,2413
38,2020,1,2847
39,2020,1,2360
40,2020,1,2229
41,2020,1,2332
42,2020,1,2188
43,2020,1,2540
44,2020,1,2575
45,2020,1,2580
46,2020,1,2709
47,2020,1,2642
48,2020,1,2760
49,2020,1,2618
50,2020,1,2351
51,2020,1,2513
52,2020,1,2507
53,2020,1,2685
54,2020,1,2346
55,2020,1,51982
56,2020,1,67162
57,2020,1,68184
58,2020,1,59907
59,2020,1,53029
60,2020,1,59992
61,2020,1,61690
62,2020,1,60509
63,2020,1,68598
64,2020,1,2865
65,2020,1,2825
66,2020,1,2223
67,2020,1,2770
68,2020,1,2551
69,2020,1,2399
70,2020,1,2637
71,2020,1,2697
72,2020,1,2840
73,2020,1,27027
74,2020,1,21375
75,2020,1,21756
76,2020,1,23216
77,2020,1,21548
78,2020,1,21703
79,2020,1,2716
80,2020,1,2504
1,2020,2,21809
2,2020,2,21006
3,2020,2,2923
4,2020,2,3181
5,2020,2,2624
6,2020,2,3032
7,2020,2,3104
8,2020,2,2799
9,2020,2,2828
10,2020,2,3010
11,2020,2,2732
12,2020,2,3277
13,2020,2,3032
14,2020,2,2901
15,2020,2,3120
16,2020,2,3301
17,2020,2,3162
18,2020,2,2609
19,2020,2,3178
20,2020,2,25655
21,2020,2,26494
22,2020,2,20816
23,2020,2,21020
24,2020,2,2941
25,2020,2,2958
26,2020,2,3097
27,2020,2,2828
28,2020,2,3217
29,2020,2,3216
30,2020,2,2657
31,2020,2,3187
32,2020,2,3181
33,2020,2,43159
34,2020,2,3407
35,2020,2,3020
36,2020,2,3254
37,2020,2,3198
38,2020,2,2700
39,2020,2,2664
40,2020,2,3253
41,2020,2,2791
42,2020,2,3347
43,2020,2,3244
44,2020,2,2576
45,2020,2,3276
46,2020,2,2794
47,2020,2,2607
48,2020,2,3191
49,2020,2,3068
50,2020,2,2619
51,2020,2,2959
52,2020,2,2874
53,2020,2,2999
54,2020,2,3060
55,2020,2,69142
56,2020,2,66710
57,2020,2,63422
58,2020,2,73596
59,2020,2,76812
60,2020,2,66133
61,2020,2,72190
62,2020,2,62151
63,2020,2,79839
64,2020,2,2770
65,2020,2,2974
66,2020,2,2894
67,2020,2,2685
68,2020,2,3388
69,2020,2,3321
70,2020,2,3047
71,2020,2,3372
72,2020,2,3216
73,2020,2,29274
74,2020,2,28396
75,2020,2,29246
76,2020,2,31982
77,2020,2,27941
78,2020,2,26200
79,2020,2,2885
80,2020,2,3001
1,2020,3,39220
2,2020,3,31633
3,2020,3,5456
4,2020,3,5722
5,2020,3,5681
6,2020,3,4353
7,2020,3,4947
8,2020,3,4673
9,2020,3,5517
10,2020,3,4740
11,2020,3,5079
12,2020,3,4261
13,2020,3,4551
14,2020,3,5095
15,2020,3,4705
16,2020,3,5184
17,2020,3,4945
18,2020,3,5137
19,2020,3,4990
20,2020,3,43271
21,2020,3,36345
22,2020,3,44805
23,2020,3,43125
24,2020,3,4617
25,2020,3,4259
26,2020,3,4865
27,2020,3,4599
28,2020,3,4769
29,2020,3,5509
30,2020,3,5565
31,2020,3,5676
32,2020,3,4252
33,2020,3,83775
34,2020,3,5523
35,2020,3,5340
36,2020,3,4405
37,2020,3,5044
38,2020,3,4607
39,2020,3,4988
40,2020,3,4339
41,2020,3,5745
42,2020,3,5317
43,2020,3,4389
44,2020,3,5631
45,2020,3,5595
46,2020,3,5029
47,2020,3,5301
48,2020,3,4808
49,2020,3,5711
50,2020,3,4377
51,2020,3,4393
52,2020,3,4450
53,2020,3,5479
54,2020,3,4362
55,2020,3,122441
56,2020,3,117659
57,2020,3,136711
58,2020,3,110523
59,2020,3,111395
60,2020,3,113340
61,2020,3,130829
62,2020,3,127226
63,2020,3,128472
64,2020,3,4727
65,2020,3,4657
66,2020,3,4362
67,2020,3,4554
68,2020,3,5419
69,2020,3,5127
70,2020,3,4483
71,2020,3,4496
72,2020,3,4949
73,2020,3,48597
74,2020,3,50538
75,2020,3,56969
76,2020,3,45614
77,2020,3,47124
78,2020,3,46475
79,2020,3,4429
80,2020,3,4486
1,2020,4,48039
2,2020,4,49955
3,2020,4,6883
4,2020,4,5603
5,2020,4,7155
6,2020,4,6164
7,2020,4,5702
8,2020,4,6009
9,2020,4,6218
10,2020,4,6526
11,2020,4,6845
12,2020,4,6032
13,2020,4,7456
14,2020,4,5585
15,2020,4,6313
16,2020,4,6406
17,2020,4,6983
18,2020,4,6012
19,2020,4,6425
20,2020,4,56740
21,2020,4,46380
22,2020,4,44386
23,2020,4,57153
24,2020,4,7441
25,2020,4,5779
26,2020,4,7131
27,2020,4,6250
28,2020,4,6754
29,2020,4,6782
30,2020,4,6660
31,2020,4,6029
32,2020,4,7109
33,2020,4,89080
34,2020,4,5650
35,2020,4,7284
36,2020,4,6389
37,2020,4,5776
38,2020,4,7289
39,2020,4,7142
40,2020,4,6171
41,2020,4,5608
42,2020,4,6423
43,2020,4,5852
44,2020,4,6644
45,2020,4,7127
46,2020,4,6295
47,2020,4,5582
48,2020,4,6857
49,2020,4,5861
50,2020,4,5943
51,2020,4,5889
52,2020,4,6070
53,2020,4,7247
54,2020,4,5592
55,2020,4,161577
56,2020,4,144102
57,2020,4,146410
58,2020,4,151881
59,2020,4,158372
60,2020,4,135453
61,2020,4,145693
62,2020,4,139022
63,2020,4,141934
64,2020,4,7250
65,2020,4,6550
66,2020,4,6754
67,2020,4,7089
68,2020,4,7074
69,2020,4,7454
70,2020,4,7049
71,2020,4,6225
72,2020,4,6586
73,2020,4,64701
74,2020,4,73047
75,2020,4,65046
76,2020,4,62823
77,2020,4,58756
78,2020,4,61468
79,2020,4,5952
80,2020,4,7271
1,2020,5,41717
2,2020,5,33401
3,2020,5,6311
4,2020,5,5548
5,2020,5,5940
6,2020,5,6324
7,2020,5,6282
8,2020,5,4840
9,2020,5,5758
10,2020,5,5114
11,2020,5,6021
12,2020,5,6188
13,2020,5,4767
14,2020,5,6319
15,2020,5,5037
16,2020,5,6071
17,2020,5,5990
18,2020,5,5260
19,2020,5,6059
20,2020,5,48556
21,2020,5,39724
22,2020,5,45221
23,2020,5,48041
24,2020,5,5826
25,2020,5,6183
26,2020,5,4721
27,2020,5,5830
28,2020,5,6238
29,2020,5,5604
30,2020,5,5604
31,2020,5,4985
32,2020,5,6305
33,2020,5,98074
34,2020,5,5487
35,2020,5,5184
36,2020,5,5484
37,2020,5,4823
38,2020,5,5058
39,2020,5,5036
40,2020,5,5543
41,2020,5,4676
42,2020,5,6189
43,2020,5,5007
44,2020,5,4890
45,2020,5,5857
46,2020,5,6190
47,2020,5,6068
48,2020,5,5208
49,2020,5,4711
50,2020,5,5642
51,2020,5,6188
52,2020,5,5952
53,2020,5,6071
54,2020,5,6095
55,2020,5,150238
56,2020,5,126994
57,2020,5,149500
58,2020,5,127865
59,2020,5,116200
60,2020,5,124149
61,2020,5,117603
62,2020,5,118437
63,2020,5,149768
64,2020,5,5981
65,2020,5,6260
66,2020,5,5746
67,2020,5,4962
68,2020,5,6273
69,2020,5,5819
70,2020,5,6207
71,2020,5,5973
72,2020,5,5043
73,2020,5,56467
74,2020,5,49643
75,2020,5,51812
76,2020,5,58110
77,2020,5,48851
78,2020,5,58775
79,2020,5,6240
80,2020,5,6240
1,2020,6,23703
2,2020,6,28132
3,2020,6,3988
4,2020,6,3009
5,2020,6,3607
6,2020,6,3942
7,2020,6,3990
8,2020,6,3206
9,2020,6,3568
10,2020,6,3958
11,2020,6,3122
12,2020,6,3757
13,2020,6,3224
14,2020,6,4006
15,2020,6,3151
16,2020,6,3904
17,2020,6,3068
18,2020,6,3719
19,2020,6,3646
20,2020,6,31247
21,2020,6,27551
22,2020,6,26027
23,2020,6,25896
24,2020,6,3046
25,2020,6,3244
26,2020,6,3088
27,2020,6,2976
28,2020,6,3380
29,2020,6,3744
30,2020,6,3992
31,2020,6,3903
32,2020,6,3492
33,2020,6,53962
34,2020,6,3548
35,2020,6,3081
36,2020,6,3478
37,2020,6,3882
38,2020,6,3658
39,2020,6,3696
40,2020,6,3145
41,2020,6,3052
42,2020,6,3863
43,2020,6,3284
44,2020,6,3309
45,2020,6,3974
46,2020,6,3052
47,2020,6,3153
48,2020,6,3369
49,2020,6,3743
50,2020,6,3549
51,2020,6,3918
52,2020,6,3072
53,2020,6,3598
54,2020,6,3619
55,2020,6,83564
56,2020,6,72181
57,2020,6,95149
58,2020,6,75557
59,2020,6,93821
60,2020,6,75359
61,2020,6,73951
62,2020,6,76579
63,2020,6,76187
64,2020,6,3707
65,2020,6,3733
66,2020,6,3741
67,2020,6,3253
68,2020,6,3270
69,2020,6,3224
70,2020,6,3027
71,2020,6,3575
72,2020,6,3856
73,2020,6,31362
74,2020,6,33538
75,2020,6,34239
76,2020,6,32842
77,2020,6,36701
78,2020,6,36052
79,2020,6,3184
80,2020,6,3002
1,2020,7,18926
2,2020,7,19688
3,2020,7,2623
4,2020,7,3309
5,2020,7,2827
6,2020,7,2907
7,2020,7,2990
8,2020,7,3144
9,2020,7,2632
10,2020,7,3039
11,2020,7,2716
12,2020,7,3346
13,2020,7,2882
14,2020,7,2951
15,2020,7,2786
16,2020,7,2968
17,2020,7,2753
18,2020,7,2791
19,2020,7,2605
20,2020,7,25816
21,2020,7,25205
22,2020,7,21017
23,2020,7,22875
24,2020,7,3037
25,2020,7,3423
26,2020,7,3080
27,2020,7,3048
28,2020,7,3306
29,2020,7,3286
30,2020,7,2926
31,2020,7,3031
32,2020,7,3330
33,2020,7,47637
34,2020,7,3343
35,2020,7,2978
36,2020,7,2621
37,2020,7,3362
38,2020,7,3192
39,2020,7,3001
40,2020,7,3360
41,2020,7,3270
42,2020,7,3159
43,2020,7,3108
44,2020,7,2658
45,2020,7,3231
46,2020,7,2705
47,2020,7,3435
48,2020,7,3424
49,2020,7,3277
50,2020,7,2663
51,2020,7,2931
52,2020,7,3439
53,2020,7,2941
54,2020,7,3447
55,2020,7,74748
56,2020,7,79216
57,2020,7,66770
58,2020,7,80873
59,2020,7,80946
60,2020,7,62647
61,2020,7,69582
62,2020,7,69782
63,2020,7,68244
64,2020,7,2798
65,2020,7,2962
66,2020,7,3336
67,2020,7,3257
68,2020,7,3110
69,2020,7,3020
70,2020,7,2927
71,2020,7,2922
72,2020,7,2683
73,2020,7,30791
74,2020,7,32325
75,2020,7,33956
76,2020,7,33824
77,2020,7,30564
78,2020,7,26408
79,2020,7,2807
80,2020,7,3032
1,2020,8,21684
2,2020,8,22141
3,2020,8,3135
4,2020,8,3235
5,2020,8,3356
6,2020,8,2799
7,2020,8,3031
8,2020,8,2902
9,2020,8,3355
10,2020,8,3438
11,2020,8,2800
12,2020,8,3629
13,2020,8,3085
14,2020,8,2994
15,2020,8,3489
16,2020,8,3660
17,2020,8,3637
18,2020,8,2782
19,2020,8,3559
20,2020,8,24463
21,2020,8,24286
22,2020,8,25934
23,2020,8,27530
24,2020,8,2858
25,2020,8,3609
26,2020,8,2893
27,2020,8,3712
28,2020,8,3194
29,2020,8,3567
30,2020,8,3025
31,2020,8,3168
32,2020,8,3391
33,2020,8,47131
34,2020,8,2968
35,2020,8,3565
36,2020,8,3484
37,2020,8,3503
38,2020,8,3608
39,2020,8,3562
40,2020,8,3264
41,2020,8,2917
42,2020,8,3065
43,2020,8,3256
44,2020,8,2894
45,2020,8,3592
46,2020,8,3619
47,2020,8,2790
48,2020,8,2950
49,2020,8,3574
50,2020,8,3578
51,2020,8,3005
52,2020,8,3207
53,2020,8,3657
54,2020,8,3449
55,2020,8,72711
56,2020,8,85570
57,2020,8,78119
58,2020,8,81168
59,2020,8,69198
60,2020,8,67015
61,2020,8,75015
62,2020,8,80200
63,2020,8,70455
64,2020,8,3611
65,2020,8,3334
66,2020,8,3103
67,2020,8,2921
68,2020,8,3634
69,2020,8,3492
70,2020,8,3434
71,2020,8,3040
72,2020,8,3139
73,2020,8,29213
74,2020,8,33204
75,2020,8,37032
76,2020,8,35981
77,2020,8,33936
78,2020,8,34232
79,2020,8,3024
80,2020,8,3161
1,2020,9,29960
2,2020,9,37943
3,2020,9,5401
4,2020,9,4263
5,2020,9,5617
6,2020,9,5221
7,2020,9,5151
8,2020,9,4262
9,2020,9,4628
10,2020,9,5457
11,2020,9,4708
12,2020,9,5700
13,2020,9,5214
14,2020,9,4885
15,2020,9,4814
16,2020,9,4773
17,2020,9,4627
18,2020,9,4950
19,2020,9,5265
20,2020,9,43891
21,2020,9,38765
22,2020,9,35227
23,2020,9,40138
24,2020,9,5243
25,2020,9,5514
26,2020,9,4811
27,2020,9,5221
28,2020,9,5163
29,2020,9,4697
30,2020,9,4412
31,2020,9,4345
32,2020,9,5732
33,2020,9,83374
34,2020,9,5542
35,2020,9,4641
36,2020,9,5316
37,2020,9,5588
38,2020,9,4698
39,2020,9,4474
40,2020,9,5398
41,2020,9,5599
42,2020,9,5458
43,2020,9,5453
44,2020,9,5150
45,2020,9,5240
46,2020,9,5271
47,2020,9,5331
48,2020,9,5233
49,2020,9,5746
50,2020,9,4639
51,2020,9,4877
52,2020,9,4832
53,2020,9,4302
54,2020,9,5312
55,2020,9,122593
56,2020,9,108836
57,2020,9,128155
58,2020,9,110005
59,2020,9,121246
60,2020,9,130256
61,2020,9,134634
62,2020,9,126187
63,2020,9,120263
64,2020,9,5518
65,2020,9,5510
66,2020,9,5564
67,2020,9,4521
68,2020,9,4396
69,2020,9,4441
70,2020,9,4637
71,2020,9,5462
72,2020,9,5394
73,2020,9,45246
74,2020,9,52695
75,2020,9,47534
76,2020,9,43839
77,2020,9,47829
78,2020,9,53663
79,2020,9,4710
80,2020,9,5432
1,2020,10,39874
2,2020,10,38983
3,2020,10,5629
4,2020,10,6632
5,2020,10,5946
6,2020,10,6659
7,2020,10,6150
8,2020,10,6799
9,2020,10,5228
10,2020,10,6700
11,2020,10,6000
12,2020,10,6661
13,2020,10,5787
14,2020,10,5637
15,2020,10,5197
16,2020,10,6637
17,2020,10,5347
18,2020,10,5460
19,2020,10,5836
20,2020,10,48999
21,2020,10,53855
22,2020,10,47389
23,2020,10,45355
24,2020,10,6388
25,2020,10,6502
26,2020,10,5977
27,2020,10,6235
28,2020,10,5418
29,2020,10,6242
30,2020,10,5108
31,2020,10,5592
32,2020,10,6470
33,2020,10,86455
34,2020,10,6476
35,2020,10,5981
36,2020,10,6474
37,2020,10,5258
38,2020,10,6206
39,2020,10,6240
40,2020,10,5826
41,2020,10,6837
42,2020,10,5789
43,2020,10,5167
44,2020,10,5458
45,2020,10,5771
46,2020,10,5125
47,2020,10,5679
48,2020,10,6599
49,2020,10,5443
50,2020,10,6318
51,2020,10,6228
52,2020,10,5547
53,2020,10,6348
54,2020,10,5719
55,2020,10,127969
56,2020,10,138969
57,2020,10,147830
58,2020,10,129615
59,2020,10,157990
60,2020,10,135282
61,2020,10,134963
62,2020,10,153842
63,2020,10,148163
64,2020,10,5708
65,2020,10,6698
66,2020,10,6891
67,2020,10,5716
68,2020,10,6722
69,2020,10,5746
70,2020,10,5439
71,2020,10,6806
72,2020,10,6752
73,2020,10,58261
74,2020,10,55111
75,2020,10,64089
76,2020,10,53361
77,2020,10,64213
78,2020,10,61614
79,2020,10,5404
80,2020,10,5759
1,2020,11,31093
2,2020,11,25620
3,2020,11,4730
4,2020,11,3938
5,2020,11,4294
6,2020,11,3674
7,2020,11,4880
8,2020,11,4456
9,2020,11,4445
10,2020,11,3637
11,2020,11,4491
12,2020,11,4143
13,2020,11,4097
14,2020,11,4310
15,2020,11,4217
16,2020,11,3807
17,2020,11,4498
18,2020,11,4416
19,2020,11,3996
20,2020,11,35648
21,2020,11,35657
22,2020,11,31653
23,2020,11,35077
24,2020,11,3787
25,2020,11,4671
26,2020,11,3746
27,2020,11,4528
28,2020,11,3762
29,2020,11,3757
30,2020,11,3747
31,2020,11,3865
32,2020,11,3867
33,2020,11,63165
34,2020,11,4279
35,2020,11,3869
36,2020,11,4509
37,2020,11,3989
38,2020,11,3662
39,2020,11,4245
40,2020,11,3877
41,2020,11,4802
42,2020,11,4034
43,2020,11,3615
44,2020,11,4468
45,2020,11,4768
46,2020,11,4677
47,2020,11,4465
48,2020,11,3802
49,2020,11,3727
50,2020,11,4264
51,2020,11,4535
52,2020,11,3741
53,2020,11,3938
54,2020,11,3907
55,2020,11,116953
56,2020,11,95758
57,2020,11,100906
58,2020,11,89754
59,2020,11,92045
60,2020,11,87907
61,2020,11,95591
62,2020,11,111228
63,2020,11,96268
64,2020,11,4554
65,2020,11,3733
66,2020,11,4579
67,2020,11,3671
68,2020,11,4698
69,2020,11,4458
70,2020,11,3829
71,2020,11,4068
72,2020,11,4170
73,2020,11,44053
74,2020,11,47325
75,2020,11,37310
76,2020,11,46515
77,2020,11,38456
78,2020,11,41234
79,2020,11,4839
80,2020,11,3959
1,2020,12,16900
2,2020,12,19341
3,2020,12,2724
4,2020,12,2611
5,2020,12,2722
6,2020,12,2209
7,2020,12,2647
8,2020,12,2168
9,2020,12,2831
10,2020,12,2244
11,2020,12,2437
12,2020,12,2568
13,2020,12,2726
14,2020,12,2633
15,2020,12,2260
16,2020,12,2409
17,2020,12,2393
18,2020,12,2146
19,2020,12,2638
20,2020,12,22031
21,2020,12,22840
22,2020,12,17783
23,2020,12,22522
24,2020,12,2209
25,2020,12,2433
26,2020,12,2159
27,2020,12,2321
28,2020,12,2360
29,2020,12,2653
30,2020,12,2633
31,2020,12,2700
32,2020,12,2557
33,2020,12,40780
34,2020,12,2858
35,2020,12,2627
36,2020,12,2378
37,2020,12,2517
38,2020,12,2650
39,2020,12,2196
40,2020,12,2621
41,2020,12,2311
42,2020,12,2384
43,2020,12,2632
44,2020,12,2413
45,2020,12,2754
46,2020,12,2543
47,2020,12,2865
48,2020,12,2165
49,2020,12,2607
50,2020,12,2242
51,2020,12,2761
52,2020,12,2763
53,2020,12,2777
54,2020,12,2181
55,2020,12,59849
56,2020,12,55336
57,2020,12,68462
58,2020,12,51906
59,2020,12,55008
60,2020,12,62579
61,2020,12,58258
62,2020,12,55229
63,2020,12,59263
64,2020,12,2725
65,2020,12,2461
66,2020,12,2767
67,2020,12,2460
68,2020,12,2214
69,2020,12,2498
70,2020,12,2615
71,2020,12,2201
72,2020,12,2434
73,2020,12,25428
74,2020,12,21251
75,2020,12,21931
76,2020,12,25781
77,2020,12,25892
78,2020,12,23534
79,2020,12,2506
80,2020,12,2280
1,2021,1,18400
2,2021,1,19864
3,2021,1,2397
4,2021,1,2165
5,2021,1,2292
6,2021,1,2465
7,2021,1,2545
8,2021,1,2589
9,2021,1,2479
10,2021,1,2617
11,2021,1,2661
12,2021,1,2210
13,2021,1,2694
14,2021,1,2291
15,2021,1,2381
16,2021,1,2747
17,2021,1,2848
18,2021,1,2343
19,2021,1,2516
20,2021,1,21212
21,2021,1,17274
22,2021,1,17984
23,2021,1,17842
24,2021,1,2662
25,2021,1,2666
26,2021,1,2205
27,2021,1,2583
28,2021,1,2265
29,2021,1,2822
30,2021,1,2419
31,2021,1,2467
32,2021,1,2711
33,2021,1,42601
34,2021,1,2205
35,2021,1,2435
36,2021,1,2819
37,2021,1,2753
38,2021,1,2566
39,2021,1,2704
40,2021,1,2462
41,2021,1,2618
42,2021,1,2842
43,2021,1,2225
44,2021,1,2499
45,2021,1,2522
46,2021,1,2161
47,2021,1,2826
48,2021,1,2754
49,2021,1,2487
50,2021,1,2506
51,2021,1,2815
52,2021,1,2257
53,2021,1,2558
54,2021,1,2672
55,2021,1,53310
56,2021,1,57973
57,2021,1,61809
58,2021,1,66888
59,2021,1,60073
60,2021,1,57923
61,2021,1,68631
62,2021,1,67486
63,2021,1,64722
64,2021,1,2330
65,2021,1,2847
66,2021,1,2852
67,2021,1,2464
68,2021,1,2225
69,2021,1,2434
70,2021,1,2650
71,2021,1,2686
72,2021,1,2349
73,2021,1,26511
74,2021,1,27705
75,2021,1,26589
76,2021,1,28266
77,2021,1,25994
78,2021,1,22756
79,2021,1,2593
80,2021,1,2342
1,2021,2,20025
2,2021,2,22085
3,2021,2,3433
4,2021,2,3135
5,2021,2,3412
6,2021,2,3003
7,2021,2,3174
8,2021,2,2840
9,2021,2,2653
10,2021,2,2867
11,2021,2,2982
12,2021,2,3063
13,2021,2,3150
14,2021,2,2925
15,2021,2,3223
16,2021,2,3307
17,2021,2,2807
18,2021,2,3312
19,2021,2,3277
20,2021,2,24163
21,2021,2,20581
22,2021,2,21446
23,2021,2,25225
24,2021,2,2729
25,2021,2,3225
26,2021,2,2694
27,2021,2,2807
28,2021,2,2775
29,2021,2,3305
30,2021,2,3171
31,2021,2,2815
32,2021,2,3228
33,2021,2,41265
34,2021,2,3282
35,2021,2,2642
36,2021,2,3331
37,2021,2,3215
38,2021,2,3328
39,2021,2,3218
40,2021,2,3055
41,2021,2,2763
42,2021,2,3255
43,2021,2,3268
44,2021,2,2808
45,2021,2,3148
46,2021,2,3383
47,2021,2,2898
48,2021,2,3411
49,2021,2,3428
50,2021,2,2831
51,2021,2,3046
52,2021,2,2561
53,2021,2,2776
54,2021,2,3108
55,2021,2,78067
56,2021,2,79994
57,2021,2,79127
58,2021,2,80888
59,2021,2,76419
60,2021,2,75188
61,2021,2,77510
62,2021,2,73006
63,2021,2,74233
64,2021,2,3248
65,2021,2,3417
66,2021,2,2814
67,2021,2,2709
68,2021,2,3164
69,2021,2,2718
70,2021,2,2706
71,2021,2,3012
72,2021,2,2889
73,2021,2,29356
74,2021,2,30509
75,2021,2,26670
76,2021,2,30755
77,2021,2,27795
78,2021,2,28475
79,2021,2,3188
80,2021,2,2689
1,2021,3,31363
2,2021,3,33137
3,2021,3,4326
4,2021,3,5648
5,2021,3,5173
6,2021,3,5242
7,2021,3,4985
8,2021,3,5109
9,2021,3,4787
10,2021,3,5426
11,2021,3,4726
12,2021,3,4579
13,2021,3,4525
14,2021,3,4352
15,2021,3,5007
16,2021,3,4873
17,2021,3,5055
18,2021,3,4387
19,2021,3,4581
20,2021,3,36560
21,2021,3,37982
22,2021,3,38329
23,2021,3,36621
24,2021,3,5378
25,2021,3,5045
26,2021,3,5744
27,2021,3,5485
28,2021,3,5721
29,2021,3,4263
30,2021,3,5253
31,2021,3,4918
32,2021,3,5606
33,2021,3,82728
34,2021,3,5181
35,2021,3,5688
36,2021,3,5273
37,2021,3,4731
38,2021,3,5623
39,2021,3,5667
40,2021,3,4828
41,2021,3,5060
42,2021,3,4674
43,2021,3,5617
44,2021,3,5483
45,2021,3,4812
46,2021,3,5454
47,2021,3,4918
48,2021,3,4315
49,2021,3,5597
50,2021,3,4538
51,2021,3,5020
52,2021,3,5672
53,2021,3,4501
54,2021,3,5684
55,2021,3,121367
56,2021,3,102263
57,2021,3,104356
58,2021,3,126132
59,2021,3,129848
60,2021,3,133138
61,2021,3,117271
62,2021,3,105741
63,2021,3,121359
64,2021,3,5304
65,2021,3,5714
66,2021,3,5412
67,2021,3,5219
68,2021,3,5659
69,2021,3,5370
70,2021,3,4480
71,2021,3,4938
72,2021,3,4747
73,2021,3,43812
74,2021,3,43314
75,2021,3,54413
76,2021,3,50871
77,2021,3,51124
78,2021,3,45914
79,2021,3,4637
80,2021,3,4832
1,2021,4,47277
2,2021,4,44585
3,2021,4,5557
4,2021,4,6837
5,2021,4,6567
6,2021,4,6775
7,2021,4,6730
8,2021,4,6999
9,2021,4,6666
10,2021,4,6891
11,2021,4,5666
12,2021,4,7334
13,2021,4,5731
14,2021,4,7059
15,2021,4,6112
16,2021,4,5693
17,2021,4,7017
18,2021,4,6378
19,2021,4,6295
20,2021,4,54507
21,2021,4,51594
22,2021,4,52522
23,2021,4,46327
24,2021,4,6287
25,2021,4,7080
26,2021,4,6589
27,2021,4,7397
28,2021,4,5805
29,2021,4,6845
30,2021,4,7307
31,2021,4,7075
32,2021,4,6947
33,2021,4,100041
34,2021,4,7376
35,2021,4,6604
36,2021,4,6607
37,2021,4,5765
38,2021,4,5534
39,2021,4,6688
40,2021,4,6572
41,2021,4,7371
42,2021,4,6119
43,2021,4,6984
44,2021,4,7286
45,2021,4,6195
46,2021,4,6329
47,2021,4,6784
48,2021,4,6524
49,2021,4,5838
50,2021,4,5955
51,2021,4,7152
52,2021,4,5903
53,2021,4,5878
54,2021,4,7084
55,2021,4,172485
56,2021,4,172444
57,2021,4,176234
58,2021,4,179133
59,2021,4,154187
60,2021,4,158324
61,2021,4,146202
62,2021,4,135752
63,2021,4,137195
64,2021,4,6939
65,2021,4,6475
66,2021,4,6170
67,2021,4,5775
68,2021,4,6803
69,2021,4,5720
70,2021,4,6733
71,2021,4,7280
72,2021,4,6144
73,2021,4,64037
74,2021,4,67268
75,2021,4,61210
76,2021,4,66641
77,2021,4,66278
78,2021,4,62357
79,2021,4,6141
80,2021,4,6360
1,2021,5,32780
2,2021,5,35568
3,2021,5,5040
4,2021,5,5895
5,2021,5,5394
6,2021,5,6061
7,2021,5,4896
8,2021,5,5884
9,2021,5,6123
10,2021,5,5438
11,2021,5,5266
12,2021,5,5179
13,2021,5,5585
14,2021,5,4965
15,2021,5,5675
16,2021,5,6063
17,2021,5,6091
18,2021,5,4906
19,2021,5,5563
20,2021,5,40874
21,2021,5,49099
22,2021,5,38409
23,2021,5,38395
24,2021,5,4705
25,2021,5,5511
26,2021,5,4726
27,2021,5,5635
28,2021,5,5343
29,2021,5,5648
30,2021,5,6170
31,2021,5,5585
32,2021,5,5571
33,2021,5,101166
34,2021,5,5453
35,2021,5,5954
36,2021,5,5278
37,2021,5,5043
38,2021,5,5949
39,2021,5,5884
40,2021,5,5155
41,2021,5,5441
42,2021,5,5517
43,2021,5,5329
44,2021,5,5503
45,2021,5,5768
46,2021,5,6074
47,2021,5,6005
48,2021,5,5688
49,2021,5,4948
50,2021,5,5523
51,2021,5,5411
52,2021,5,4970
53,2021,5,6240
54,2021,5,5763
55,2021,5,150522
56,2021,5,141342
57,2021,5,131346
58,2021,5,126408
59,2021,5,120865
60,2021,5,131510
61,2021,5,114689
62,2021,5,126829
63,2021,5,113895
64,2021,5,5016
65,2021,5,6172
66,2021,5,5271
67,2021,5,5449
68,2021,5,5425
69,2021,5,4751
70,2021,5,6292
71,2021,5,5209
72,2021,5,5836
73,2021,5,55352
74,2021,5,60439
75,2021,5,60525
76,2021,5,51094
77,2021,5,55731
78,2021,5,49618
79,2021,5,5753
80,2021,5,5277
1,2021,6,25627
2,2021,6,26965
3,2021,6,3517
4,2021,6,3370
5,2021,6,3927
6,2021,6,3517
7,2021,6,3345
8,2021,6,3886
9,2021,6,3486
10,2021,6,3481
11,2021,6,3609
12,2021,6,3501
13,2021,6,3120
14,2021,6,3148
15,2021,6,3055
16,2021,6,3650
17,2021,6,3197
18,2021,6,3171
19,2021,6,3355
20,2021,6,29825
21,2021,6,24793
22,2021,6,25734
23,2021,6,30613
24,2021,6,3731
25,2021,6,3480
26,2021,6,3477
27,2021,6,3196
28,2021,6,3144
29,2021,6,3850
30,2021,6,2998
31,2021,6,3020
32,2021,6,3577
33,2021,6,50306
34,2021,6,3636
35,2021,6,3016
36,2021,6,3575
37,2021,6,3033
38,2021,6,3246
39,2021,6,3164
40,2021,6,3981
41,2021,6,3604
42,2021,6,3566
43,2021,6,2994
44,2021,6,3730
45,2021,6,3669
46,2021,6,3272
47,2021,6,3065
48,2021,6,3446
49,2021,6,4017
50,2021,6,3885
51,2021,6,3154
52,2021,6,3846
53,2021,6,3605
54,2021,6,3809
55,2021,6,92075
56,2021,6,75983
57,2021,6,88023
58,2021,6,78065
59,2021,6,89649
60,2021,6,80035
61,2021,6,82827
62,2021,6,86283
63,2021,6,77191
64,2021,6,3379
65,2021,6,3088
66,2021,6,3187
67,2021,6,3877
68,2021,6,3504
69,2021,6,3415
70,2021,6,3132
71,2021,6,3076
72,2021,6,3474
73,2021,6,36204
74,2021,6,30159
75,2021,6,37980
76,2021,6,35034
77,2021,6,30983
78,2021,6,34813
79,2021,6,3111
80,2021,6,3608
1,2021,7,23063
2,2021,7,23500
3,2021,7,3247
4,2021,7,3134
5,2021,7,3019
6,2021,7,2883
7,2021,7,2589
8,2021,7,3026
9,2021,7,2756
10,2021,7,3272
11,2021,7,3260
12,2021,7,2893
13,2021,7,3080
14,2021,7,3217
15,2021,7,3235
16,2021,7,3177
17,2021,7,2637
18,2021,7,2670
19,2021,7,2979
20,2021,7,22074
21,2021,7,26585
22,2021,7,22439
23,2021,7,26712
24,2021,7,2917
25,2021,7,2720
26,2021,7,3188
27,2021,7,3260
28,2021,7,3070
29,2021,7,2656
30,2021,7,2556
31,2021,7,3139
32,2021,7,3168
33,2021,7,45348
34,2021,7,2876
35,2021,7,2689
36,2021,7,3136
37,2021,7,2778
38,2021,7,3319
39,2021,7,2931
40,2021,7,2879
41,2021,7,2798
42,2021,7,3162
43,2021,7,3229
44,2021,7,2921
45,2021,7,3255
46,2021,7,2984
47,2021,7,2883
48,2021,7,3049
49,2021,7,2778
50,2021,7,2825
51,2021,7,2859
52,2021,7,3184
53,2021,7,3212
54,2021,7,3319
55,2021,7,75440
56,2021,7,77352
57,2021,7,70846
58,2021,7,76305
59,2021,7,64694
60,2021,7,65832
61,2021,7,69852
62,2021,7,68510
63,2021,7,73092
64,2021,7,3177
65,2021,7,3186
66,2021,7,2694
67,2021,7,3418
68,2021,7,2554
69,2021,7,2631
70,2021,7,2680
71,2021,7,3383
72,2021,7,2941
73,2021,7,26076
74,2021,7,27495
75,2021,7,26220
76,2021,7,25839
77,2021,7,28958
78,2021,7,34360
79,2021,7,3102
80,2021,7,3018
1,2021,8,24194
2,2021,8,23415
3,2021,8,3684
4,2021,8,3562
5,2021,8,3386
6,2021,8,3190
7,2021,8,2959
8,2021,8,3402
9,2021,8,3546
10,2021,8,3041
11,2021,8,2795
12,2021,8,3347
13,2021,8,3265
14,2021,8,2988
15,2021,8,2927
16,2021,8,2797
17,2021,8,2995
18,2021,8,2762
19,2021,8,2916
20,2021,8,29875
21,2021,8,28181
22,2021,8,24854
23,2021,8,25182
24,2021,8,3333
25,2021,8,3267
26,2021,8,3481
27,2021,8,2829
28,2021,8,2850
29,2021,8,3039
30,2021,8,3571
31,2021,8,3654
32,2021,8,3101
33,2021,8,59227
34,2021,8,3032
35,2021,8,3353
36,2021,8,2952
37,2021,8,3668
38,2021,8,3323
39,2021,8,3017
40,2021,8,3159
41,2021,8,2866
42,2021,8,2833
43,2021,8,3049
44,2021,8,3685
45,2021,8,3545
46,2021,8,3695
47,2021,8,3616
48,2021,8,3555
49,2021,8,3323
50,2021,8,3439
51,2021,8,3704
52,2021,8,3311
53,2021,8,3513
54,2021,8,3501
55,2021,8,88792
56,2021,8,77037
57,2021,8,77080
58,2021,8,80031
59,2021,8,66940
60,2021,8,69020
61,2021,8,67880
62,2021,8,81127
63,2021,8,89564
64,2021,8,3422
65,2021,8,2986
66,2021,8,3070
67,2021,8,3694
68,2021,8,3266
69,2021,8,2771
70,2021,8,3573
71,2021,8,3004
72,2021,8,2853
73,2021,8,34193
74,2021,8,35630
75,2021,8,28366
76,2021,8,36706
77,2021,8,32271
78,2021,8,31071
79,2021,8,3634
80,2021,8,3024
1,2021,9,39694
2,2021,9,36922
3,2021,9,5614
4,2021,9,4998
5,2021,9,4549
6,2021,9,5353
7,2021,9,5559
8,2021,9,4560
9,2021,9,4554
10,2021,9,4624
11,2021,9,5177
12,2021,9,4483
13,2021,9,4410
14,2021,9,5630
15,2021,9,5263
16,2021,9,5245
17,2021,9,5170
18,2021,9,5396
19,2021,9,5062
20,2021,9,34507
21,2021,9,39787
22,2021,9,41448
23,2021,9,39908
24,2021,9,5728
25,2021,9,5595
26,2021,9,5553
27,2021,9,4986
28,2021,9,5726
29,2021,9,5624
30,2021,9,4670
31,2021,9,4583
32,2021,9,5114
33,2021,9,69299
34,2021,9,5448
35,2021,9,4967
36,2021,9,5061
37,2021,9,5003
38,2021,9,4840
39,2021,9,5279
40,2021,9,4512
41,2021,9,5714
42,2021,9,5297
43,2021,9,4940
44,2021,9,5283
45,2021,9,4267
46,2021,9,4566
47,2021,9,5121
48,2021,9,4738
49,2021,9,5169
50,2021,9,4639
51,2021,9,5072
52,2021,9,4605
53,2021,9,4957
54,2021,9,5169
55,2021,9,115173
56,2021,9,119955
57,2021,9,109579
58,2021,9,127225
59,2021,9,115403
60,2021,9,132755
61,2021,9,112066
62,2021,9,108476
63,2021,9,106721
64,2021,9,5113
65,2021,9,4592
66,2021,9,4399
67,2021,9,4654
68,2021,9,4603
69,2021,9,4898
70,2021,9,4821
71,2021,9,4468
72,2021,9,5688
73,2021,9,44743
74,2021,9,54585
75,2021,9,45149
76,2021,9,49993
77,2021,9,57433
78,2021,9,55240
79,2021,9,5025
80,2021,9,5330
1,2021,10,45595
2,2021,10,39480
3,2021,10,6111
4,2021,10,6122
5,2021,10,5817
6,2021,10,6342
7,2021,10,5208
8,2021,10,6564
9,2021,10,5957
10,2021,10,6233
11,2021,10,5909
12,2021,10,5702
13,2021,10,5749
14,2021,10,6108
15,2021,10,6777
16,2021,10,5563
17,2021,10,5135
18,2021,10,5318
19,2021,10,6661
20,2021,10,54668
21,2021,10,43664
22,2021,10,49092
23,2021,10,50147
24,2021,10,5414
25,2021,10,6504
26,2021,10,5739
27,2021,10,6311
28,2021,10,5977
29,2021,10,6425
30,2021,10,6701
31,2021,10,5785
32,2021,10,5615
33,2021,10,99793
34,2021,10,5360
35,2021,10,5401
36,2021,10,6553
37,2021,10,5707
38,2021,10,6236
39,2021,10,6128
40,2021,10,6628
41,2021,10,5228
42,2021,10,5391
43,2021,10,5510
44,2021,10,5670
45,2021,10,5624
46,2021,10,5581
47,2021,10,6260
48,2021,10,5588
49,2021,10,5900
50,2021,10,6653
51,2021,10,5753
52,2021,10,6156
53,2021,10,6837
54,2021,10,5845
55,2021,10,130343
56,2021,10,123397
57,2021,10,153839
58,2021,10,150999
59,2021,10,163026
60,2021,10,152670
61,2021,10,125858
62,2021,10,129610
63,2021,10,126850
64,2021,10,5214
65,2021,10,6681
66,2021,10,6087
67,2021,10,5147
68,2021,10,5814
69,2021,10,6476
70,2021,10,5249
71,2021,10,5572
72,2021,10,5379
73,2021,10,62786
74,2021,10,66938
75,2021,10,56568
76,2021,10,55453
77,2021,10,56115
78,2021,10,62276
79,2021,10,5336
80,2021,10,6609
1,2021,11,25542
2,2021,11,31209
3,2021,11,4709
4,2021,11,4027
5,2021,11,4219
6,2021,11,4855
7,2021,11,4301
8,2021,11,3959
9,2021,11,4179
10,2021,11,4848
11,2021,11,4501
12,2021,11,3838
13,2021,11,4374
14,2021,11,4417
15,2021,11,4423
16,2021,11,4331
17,2021,11,4279
18,2021,11,4427
19,2021,11,4007
20,2021,11,32441
21,2021,11,34404
22,2021,11,37108
23,2021,11,33406
24,2021,11,4078
25,2021,11,3943
26,2021,11,3999
27,2021,11,3612
28,2021,11,4652
29,2021,11,4693
30,2021,11,4050
31,2021,11,4210
32,2021,11,3623
33,2021,11,76610
34,2021,11,4819
35,2021,11,4220
36,2021,11,3624
37,2021,11,4161
38,2021,11,3985
39,2021,11,3907
40,2021,11,3621
41,2021,11,4088
42,2021,11,4137
43,2021,11,4327
44,2021,11,4115
45,2021,11,3820
46,2021,11,4552
47,2021,11,4109
48,2021,11,4094
49,2021,11,3947
50,2021,11,4150
51,2021,11,3917
52,2021,11,4587
53,2021,11,4772
54,2021,11,4642
55,2021,11,107649
56,2021,11,95411
57,2021,11,109433
58,2021,11,111449
59,2021,11,99334
60,2021,11,112816
61,2021,11,92281
62,2021,11,95561
63,2021,11,106188
64,2021,11,4400
65,2021,11,3959
66,2021,11,4406
67,2021,11,3851
68,2021,11,3637
69,2021,11,3675
70,2021,11,4294
71,2021,11,3849
72,2021,11,3742
73,2021,11,39557
74,2021,11,45243
75,2021,11,45395
76,2021,11,39093
77,2021,11,38046
78,2021,11,42418
79,2021,11,4048
80,2021,11,4009
1,2021,12,19072
2,2021,12,20114
3,2021,12,2472
4,2021,12,2718
5,2021,12,2372
6,2021,12,2757
7,2021,12,2838
8,2021,12,2167
9,2021,12,2706
10,2021,12,2178
11,2021,12,2477
12,2021,12,2269
13,2021,12,2756
14,2021,12,2737
15,2021,12,2746
16,2021,12,2216
17,2021,12,2701
18,2021,12,2311
19,2021,12,2703
20,2021,12,19657
21,2021,12,21425
22,2021,12,17201
23,2021,12,19765
24,2021,12,2703
25,2021,12,2515
26,2021,12,2861
27,2021,12,2479
28,2021,12,2636
29,2021,12,2359
30,2021,12,2367
31,2021,12,2596
32,2021,12,2156
33,2021,12,45249
34,2021,12,2515
35,2021,12,2314
36,2021,12,2603
37,2021,12,2274
38,2021,12,2790
39,2021,12,2772
40,2021,12,2288
41,2021,12,2209
42,2021,12,2599
43,2021,12,2368
44,2021,12,2250
45,2021,12,2332
46,2021,12,2214
47,2021,12,2716
48,2021,12,2131
49,2021,12,2156
50,2021,12,2712
51,2021,12,2481
52,2021,12,2572
53,2021,12,2403
54,2021,12,2192
55,2021,12,53838
56,2021,12,52645
57,2021,12,62135
58,2021,12,67755
59,2021,12,68945
60,2021,12,62252
61,2021,12,52075
62,2021,12,62602
63,2021,12,63623
64,2021,12,2718
65,2021,12,2219
66,2021,12,2299
67,2021,12,2861
68,2021,12,2716
69,2021,12,2692
70,2021,12,2729
71,2021,12,2454
72,2021,12,2269
73,2021,12,26419
74,2021,12,23936
75,2021,12,22260
76,2021,12,27989
77,2021,12,24889
78,2021,12,24531
79,2021,12,2346
80,2021,12,2647
1,2022,1,15871
2,2022,1,15854
3,2022,1,2385
4,2022,1,2674
5,2022,1,2331
6,2022,1,2748
7,2022,1,2810
8,2022,1,2540
9,2022,1,2176
10,2022,1,2241
11,2022,1,2346
12,2022,1,2322
13,2022,1,2400
14,2022,1,2125
15,2022,1,2603
16,2022,1,2409
17,2022,1,2264
18,2022,1,2139
19,2022,1,2767
20,2022,1,21656
21,2022,1,18432
22,2022,1,21326
23,2022,1,20949
24,2022,1,2529
25,2022,1,2415
26,2022,1,2518
27,2022,1,2498
28,2022,1,2538
29,2022,1,2584
30,2022,1,2366
31,2022,1,2605
32,2022,1,2207
33,2022,1,40278
34,2022,1,2175
35,2022,1,2751
36,2022,1,2222
37,2022,1,2780
38,2022,1,2276
39,2022,1,2489
40,2022,1,2199
41,2022,1,2553
42,2022,1,2752
43,2022,1,2618
44,2022,1,2519
45,2022,1,2650
46,2022,1,2316
47,2022,1,2399
48,2022,1,2579
49,2022,1,2178
50,2022,1,2822
51,2022,1,2281
52,2022,1,2493
53,2022,1,2792
54,2022,1,2184
55,2022,1,65418
56,2022,1,52092
57,2022,1,61044
58,2022,1,67888
59,2022,1,58487
60,2022,1,57643
61,2022,1,63751
62,2022,1,65825
63,2022,1,55784
64,2022,1,2155
65,2022,1,2177
66,2022,1,2352
67,2022,1,2833
68,2022,1,2845
69,2022,1,2197
70,2022,1,2668
71,2022,1,2523
72,2022,1,2267
73,2022,1,25196
74,2022,1,23115
75,2022,1,25939
76,2022,1,22591
77,2022,1,26868
78,2022,1,24363
79,2022,1,2204
80,2022,1,2603
1,2022,2,20105
2,2022,2,20739
3,2022,2,3148
4,2022,2,3344
5,2022,2,2700
6,2022,2,2712
7,2022,2,2911
8,2022,2,2853
9,2022,2,2692
10,2022,2,3448
11,2022,2,2948
12,2022,2,2867
13,2022,2,2833
14,2022,2,3442
15,2022,2,2842
16,2022,2,2884
17,2022,2,3237
18,2022,2,2937
19,2022,2,3203
20,2022,2,24780
21,2022,2,24454
22,2022,2,21940
23,2022,2,25913
24,2022,2,3383
25,2022,2,2778
26,2022,2,3415
27,2022,2,2952
28,2022,2,2907
29,2022,2,3203
30,2022,2,3434
31,2022,2,3086
32,2022,2,3015
33,2022,2,55105
34,2022,2,2821
35,2022,2,2820
36,2022,2,2749
37,2022,2,3320
38,2022,2,2569
39,2022,2,3289
40,2022,2,3170
41,2022,2,2798
42,2022,2,3048
43,2022,2,3050
44,2022,2,3383
45,2022,2,2689
46,2022,2,2583
47,2022,2,2870
48,2022,2,2674
49,2022,2,2880
50,2022,2,3073
51,2022,2,2759
52,2022,2,3279
53,2022,2,2632
54,2022,2,2909
55,2022,2,81026
56,2022,2,77060
57,2022,2,76829
58,2022,2,78326
59,2022,2,64934
60,2022,2,79035
61,2022,2,76095
62,2022,2,73646
63,2022,2,80805
64,2022,2,3085
65,2022,2,2820
66,2022,2,3207
67,2022,2,3068
68,2022,2,2620
69,2022,2,2600
70,2022,2,3243
71,2022,2,2863
72,2022,2,3285
73,2022,2,29248
74,2022,2,33310
75,2022,2,33328
76,2022,2,27540
77,2022,2,31375
78,2022,2,30920
79,2022,2,2560
80,2022,2,3249
1,2022,3,33766
2,2022,3,32950
3,2022,3,4311
4,2022,3,5059
5,2022,3,4474
6,2022,3,5003
7,2022,3,4581
8,2022,3,4325
9,2022,3,5347
10,2022,3,4839
11,2022,3,4918
12,2022,3,5142
13,2022,3,5007
14,2022,3,4583
15,2022,3,4684
16,2022,3,4841
17,2022,3,4448
18,2022,3,4373
19,2022,3,5107
20,2022,3,34591
21,2022,3,38790
22,2022,3,35020
23,2022,3,40021
24,2022,3,5410
25,2022,3,4445
26,2022,3,4452
27,2022,3,5088
28,2022,3,4981
29,2022,3,5228
30,2022,3,4544
31,2022,3,5173
32,2022,3,5353
33,2022,3,73909
34,2022,3,4357
35,2022,3,5415
36,2022,3,4735
37,2022,3,5636
38,2022,3,4384
39,2022,3,5257
40,2022,3,4885
41,2022,3,4772
42,2022,3,4731
43,2022,3,5140
44,2022,3,4286
45,2022,3,4707
46,2022,3,5731
47,2022,3,5174
48,2022,3,5735
49,2022,3,4913
50,2022,3,4468
51,2022,3,4317
52,2022,3,5477
53,2022,3,4549
54,2022,3,4810
55,2022,3,129278
56,2022,3,132699
57,2022,3,106045
58,2022,3,103963
59,2022,3,136161
60,2022,3,135362
61,2022,3,133275
62,2022,3,131524
63,2022,3,102494
64,2022,3,5290
65,2022,3,4416
66,2022,3,4925
67,2022,3,4284
68,2022,3,4563
69,2022,3,5057
70,2022,3,4555
71,2022,3,5034
72,2022,3,4637
73,2022,3,49745
74,2022,3,53448
75,2022,3,44620
76,2022,3,52981
77,2022,3,42775
78,2022,3,51245
79,2022,3,5245
80,2022,3,4315
1,2022,4,40999
2,2022,4,42551
3,2022,4,7063
4,2022,4,6730
5,2022,4,5628
6,2022,4,6801
7,2022,4,5541
8,2022,4,6282
9,2022,4,6054
10,2022,4,7186
11,2022,4,6812
12,2022,4,7210
13,2022,4,5562
14,2022,4,7216
15,2022,4,6791
16,2022,4,5975
17,2022,4,6267
18,2022,4,7429
19,2022,4,5719
20,2022,4,49121
21,2022,4,57721
22,2022,4,52492
23,2022,4,47108
24,2022,4,6501
25,2022,4,6418
26,2022,4,7331
27,2022,4,5566
28,2022,4,6007
29,2022,4,6557
30,2022,4,6175
31,2022,4,6292
32,2022,4,5831
33,2022,4,99219
34,2022,4,6211
35,2022,4,6744
36,2022,4,5985
37,2022,4,7432
38,2022,4,6502
39,2022,4,7108
40,2022,4,6745
41,2022,4,7238
42,2022,4,7261
43,2022,4,7113
44,2022,4,5582
45,2022,4,6607
46,2022,4,6071
47,2022,4,5820
48,2022,4,7274
49,2022,4,6806
50,2022,4,5696
51,2022,4,6270
52,2022,4,7398
53,2022,4,6719
54,2022,4,6744
55,2022,4,143243
56,2022,4,143848
57,2022,4,139748
58,2022,4,178021
59,2022,4,175175
60,2022,4,148010
61,2022,4,157976
62,2022,4,142276
63,2022,4,139085
64,2022,4,6580
65,2022,4,7085
66,2022,4,7207
67,2022,4,6127
68,2022,4,6900
69,2022,4,6546
70,2022,4,5788
71,2022,4,7466
72,2022,4,7427
73,2022,4,58080
74,2022,4,73444
75,2022,4,73133
76,2022,4,61441
77,2022,4,66118
78,2022,4,73747
79,2022,4,5755
80,2022,4,6144
1,2022,5,42884
2,2022,5,41122
3,2022,5,5937
4,2022,5,6127
5,2022,5,5358
6,2022,5,5353
7,2022,5,5405
8,2022,5,6215
9,2022,5,6150
10,2022,5,6214
11,2022,5,5126
12,2022,5,5960
13,2022,5,4851
14,2022,5,4979
15,2022,5,5933
16,2022,5,5684
17,2022,5,5115
18,2022,5,5610
19,2022,5,5056
20,2022,5,40464
21,2022,5,46473
22,2022,5,42142
23,2022,5,46483
24,2022,5,5461
25,2022,5,5503
26,2022,5,5672
27,2022,5,5849
28,2022,5,5292
29,2022,5,6081
30,2022,5,5485
31,2022,5,4901
32,2022,5,4993
33,2022,5,75650
34,2022,5,5936
35,2022,5,4699
36,2022,5,5120
37,2022,5,5356
38,2022,5,5899
39,2022,5,6305
40,2022,5,5925
41,2022,5,4784
42,2022,5,6204
43,2022,5,6301
44,2022,5,6105
45,2022,5,5483
46,2022,5,5211
47,2022,5,5429
48,2022,5,5082
49,2022,5,5343
50,2022,5,4744
51,2022,5,5888
52,2022,5,5302
53,2022,5,5191
54,2022,5,5683
55,2022,5,141601
56,2022,5,135714
57,2022,5,132999
58,2022,5,146881
59,2022,5,143362
60,2022,5,132817
61,2022,5,130083
62,2022,5,144949
63,2022,5,113879
64,2022,5,6318
65,2022,5,5530
66,2022,5,5327
67,2022,5,5888
68,2022,5,5595
69,2022,5,5526
70,2022,5,5715
71,2022,5,4756
72,2022,5,5155
73,2022,5,53317
74,2022,5,51775
75,2022,5,60405
76,2022,5,54362
77,2022,5,53720
78,2022,5,56866
79,2022,5,4765
80,2022,5,5527
1,2022,6,21870
2,2022,6,26924
3,2022,6,3449
4,2022,6,3733
5,2022,6,3093
6,2022,6,3792
7,2022,6,3959
8,2022,6,3705
9,2022,6,3117
10,2022,6,3409
11,2022,6,3448
12,2022,6,3162
13,2022,6,3594
14,2022,6,3723
15,2022,6,3187
16,2022,6,3452
17,2022,6,3237
18,2022,6,3701
19,2022,6,3927
20,2022,6,30490
21,2022,6,29834
22,2022,6,24837
23,2022,6,24758
24,2022,6,3446
25,2022,6,3356
26,2022,6,3525
27,2022,6,3378
28,2022,6,3805
29,2022,6,3512
30,2022,6,3972
31,2022,6,3372
32,2022,6,3374
33,2022,6,60506
34,2022,6,3932
35,2022,6,3568
36,2022,6,3667
37,2022,6,3132
38,2022,6,3887
39,2022,6,3162
40,2022,6,3722
41,2022,6,3415
42,2022,6,3299
43,2022,6,3782
44,2022,6,3443
45,2022,6,3632
46,2022,6,3098
47,2022,6,3113
48,2022,6,3187
49,2022,6,3628
50,2022,6,3240
51,2022,6,3456
52,2022,6,3873
53,2022,6,3545
54,2022,6,2981
55,2022,6,93644
56,2022,6,77394
57,2022,6,86239
58,2022,6,83387
59,2022,6,81735
60,2022,6,73401
61,2022,6,86522
62,2022,6,77566
63,2022,6,85193
64,2022,6,3625
65,2022,6,3560
66,2022,6,3841
67,2022,6,3026
68,2022,6,3130
69,2022,6,3660
70,2022,6,3013
71,2022,6,3871
72,2022,6,3675
73,2022,6,38549
74,2022,6,32883
75,2022,6,39414
76,2022,6,30264
77,2022,6,34128
78,2022,6,31621
79,2022,6,3680
80,2022,6,3616
1,2022,7,22206
2,2022,7,21598
3,2022,7,3258
4,2022,7,2709
5,2022,7,2959
6,2022,7,3071
7,2022,7,3388
8,2022,7,2633
9,2022,7,2819
10,2022,7,2881
11,2022,7,2891
12,2022,7,2610
13,2022,7,2934
14,2022,7,3045
15,2022,7,2813
16,2022,7,2671
17,2022,7,3175
18,2022,7,2796
19,2022,7,3024
20,2022,7,24177
21,2022,7,25409
22,2022,7,24806
23,2022,7,21186
24,2022,7,3206
25,2022,7,3116
26,2022,7,3438
27,2022,7,2985
28,2022,7,3169
29,2022,7,3390
30,2022,7,3437
31,2022,7,2808
32,2022,7,3097
33,2022,7,45357
34,2022,7,3022
35,2022,7,3445
36,2022,7,2868
37,2022,7,2666
38,2022,7,3056
39,2022,7,3017
40,2022,7,3118
41,2022,7,2993
42,2022,7,2711
43,2022,7,3098
44,2022,7,3187
45,2022,7,3431
46,2022,7,2551
47,2022,7,2571
48,2022,7,3112
49,2022,7,2656
50,2022,7,3313
51,2022,7,3269
52,2022,7,3449
53,2022,7,2922
54,2022,7,2850
55,2022,7,73304
56,2022,7,74970
57,2022,7,61444
58,2022,7,65545
59,2022,7,67283
60,2022,7,78268
61,2022,7,67847
62,2022,7,72144
63,2022,7,68196
64,2022,7,2555
65,2022,7,3167
66,2022,7,2857
67,2022,7,3201
68,2022,7,3104
69,2022,7,2576
70,2022,7,2708
71,2022,7,2847
72,2022,7,2854
73,2022,7,31552
74,2022,7,33745
75,2022,7,32675
76,2022,7,31310
77,2022,7,29833
78,2022,7,31144
79,2022,7,3352
80,2022,7,3033
1,2022,8,21624
2,2022,8,24688
3,2022,8,3166
4,2022,8,3486
5,2022,8,3576
6,2022,8,3054
7,2022,8,3469
8,2022,8,3070
9,2022,8,3284
10,2022,8,2965
11,2022,8,3430
12,2022,8,3542
13,2022,8,3628
14,2022,8,3107
15,2022,8,3707
16,2022,8,3035
17,2022,8,2792
18,2022,8,3721
19,2022,8,3373
20,2022,8,28670
21,2022,8,26553
22,2022,8,25138
23,2022,8,26742
24,2022,8,3605
25,2022,8,3495
26,2022,8,3450
27,2022,8,3069
28,2022,8,2793
29,2022,8,3166
30,2022,8,3247
31,2022,8,2994
32,2022,8,3203
33,2022,8,59031
34,2022,8,2973
35,2022,8,3057
36,2022,8,2871
37,2022,8,3527
38,2022,8,3520
39,2022,8,3653
40,2022,8,3195
41,2022,8,2786
42,2022,8,3233
43,2022,8,3250
44,2022,8,2947
45,2022,8,3663
46,2022,8,3476
47,2022,8,3273
48,2022,8,3518
49,2022,8,2902
50,2022,8,3612
51,2022,8,3564
52,2022,8,3677
53,2022,8,3422
54,2022,8,2891
55,2022,8,83254
56,2022,8,77049
57,2022,8,83000
58,2022,8,78522
59,2022,8,66396
60,2022,8,88116
61,2022,8,82377
62,2022,8,80206
63,2022,8,68337
64,2022,8,3217
65,2022,8,2807
66,2022,8,3270
67,2022,8,3405
68,2022,8,3067
69,2022,8,3325
70,2022,8,3066
71,2022,8,3632
72,2022,8,3075
73,2022,8,29502
74,2022,8,30322
75,2022,8,30736
76,2022,8,31925
77,2022,8,28772
78,2022,8,29080
79,2022,8,3029
80,2022,8,2777
1,2022,9,36290
2,2022,9,35147
3,2022,9,4559
4,2022,9,4775
5,2022,9,4727
6,2022,9,4462
7,2022,9,5306
8,2022,9,4674
9,2022,9,4617
10,2022,9,4356
11,2022,9,5169
12,2022,9,4758
13,2022,9,4915
14,2022,9,4445
15,2022,9,4956
16,2022,9,5263
17,2022,9,4408
18,2022,9,4330
19,2022,9,4889
20,2022,9,36147
21,2022,9,41153
22,2022,9,41113
23,2022,9,44034
24,2022,9,5299
25,2022,9,5174
26,2022,9,4718
27,2022,9,5476
28,2022,9,5319
29,2022,9,5256
30,2022,9,5050
31,2022,9,5710
32,2022,9,5383
33,2022,9,79176
34,2022,9,4447
35,2022,9,5469
36,2022,9,5629
37,2022,9,4952
38,2022,9,4933
39,2022,9,5276
40,2022,9,5315
41,2022,9,4948
42,2022,9,4597
43,2022,9,4585
44,2022,9,5541
45,2022,9,5175
46,2022,9,5619
47,2022,9,4838
48,2022,9,5299
49,2022,9,5247
50,2022,9,5433
51,2022,9,5573
52,2022,9,4929
53,2022,9,4295
54,2022,9,4963
55,2022,9,114651
56,2022,9,118604
57,2022,9,108148
58,2022,9,129645
59,2022,9,123759
60,2022,9,106586
61,2022,9,105705
62,2022,9,131431
63,2022,9,130683
64,2022,9,4738
65,2022,9,5224
66,2022,9,5438
67,2022,9,5049
68,2022,9,4851
69,2022,9,4870
70,2022,9,5181
71,2022,9,5071
72,2022,9,5710
73,2022,9,48257
74,2022,9,47610
75,2022,9,54708
76,2022,9,51364
77,2022,9,54264
78,2022,9,49030
79,2022,9,5430
80,2022,9,5066
1,2022,10,38675
2,2022,10,44048
3,2022,10,5240
4,2022,10,6775
5,2022,10,6133
6,2022,10,5975
7,2022,10,6165
8,2022,10,5933
9,2022,10,6099
10,2022,10,6579
11,2022,10,5417
12,2022,10,6820
13,2022,10,5225
14,2022,10,5295
15,2022,10,6565
16,2022,10,6488
17,2022,10,5782
18,2022,10,5989
19,2022,10,6288
20,2022,10,42103
21,2022,10,52565
22,2022,10,53576
23,2022,10,53806
24,2022,10,6245
25,2022,10,5100
26,2022,10,5364
27,2022,10,5368
28,2022,10,6056
29,2022,10,5801
30,2022,10,6140
31,2022,10,5452
32,2022,10,6326
33,2022,10,90718
34,2022,10,6126
35,2022,10,6743
36,2022,10,5648
37,2022,10,6797
38,2022,10,5882
39,2022,10,6868
40,2022,10,5719
41,2022,10,5260
42,2022,10,5114
43,2022,10,6875
44,2022,10,5827
45,2022,10,5329
46,2022,10,5629
47,2022,10,5764
48,2022,10,6087
49,2022,10,5195
50,2022,10,6366
51,2022,10,6577
52,2022,10,5746
53,2022,10,6650
54,2022,10,6658
55,2022,10,132562
56,2022,10,152735
57,2022,10,139432
58,2022,10,136143
59,2022,10,138936
60,2022,10,138883
61,2022,10,145949
62,2022,10,151019
63,2022,10,142914
64,2022,10,5438
65,2022,10,5792
66,2022,10,6764
67,2022,10,6611
68,2022,10,5377
69,2022,10,6895
70,2022,10,6306
71,2022,10,5341
72,2022,10,5229
73,2022,10,51282
74,2022,10,63984
75,2022,10,59760
76,2022,10,58861
77,2022,10,68823
78,2022,10,52523
79,2022,10,6256
80,2022,10,5848
1,2022,11,29357
2,2022,11,32328
3,2022,11,4383
4,2022,11,4155
5,2022,11,3841
6,2022,11,4262
7,2022,11,4316
8,2022,11,4186
9,2022,11,4065
10,2022,11,3849
11,2022,11,4383
12,2022,11,4349
13,2022,11,4692
14,2022,11,3914
15,2022,11,4252
16,2022,11,4136
17,2022,11,4308
18,2022,11,4080
19,2022,11,4859
20,2022,11,34695
21,2022,11,36089
22,2022,11,30054
23,2022,11,33811
24,2022,11,4492
25,2022,11,3793
26,2022,11,4544
27,2022,11,4866
28,2022,11,4866
29,2022,11,4605
30,2022,11,4205
31,2022,11,3712
32,2022,11,4747
33,2022,11,59604
34,2022,11,4214
35,2022,11,4558
36,2022,11,4837
37,2022,11,3712
38,2022,11,4420
39,2022,11,4630
40,2022,11,4010
41,2022,11,3679
42,2022,11,4050
43,2022,11,4605
44,2022,11,4210
45,2022,11,4266
46,2022,11,4210
47,2022,11,4548
48,2022,11,4149
49,2022,11,4837
50,2022,11,4630
51,2022,11,3981
52,2022,11,3657
53,2022,11,4789
54,2022,11,4568
55,2022,11,108945
56,2022,11,103949
57,2022,11,88579
58,2022,11,101178
59,2022,11,91873
60,2022,11,88279
61,2022,11,117005
62,2022,11,111452
63,2022,11,105804
64,2022,11,3978
65,2022,11,3717
66,2022,11,4257
67,2022,11,4698
68,2022,11,3966
69,2022,11,3781
70,2022,11,3970
71,2022,11,4706
72,2022,11,3630
73,2022,11,37547
74,2022,11,38351
75,2022,11,43670
76,2022,11,38051
77,2022,11,41819
78,2022,11,46424
79,2022,11,3945
80,2022,11,4505
1,2022,12,17420
2,2022,12,19071
3,2022,12,2771
4,2022,12,2382
5,2022,12,2188
6,2022,12,2233
7,2022,12,2825
8,2022,12,2240
9,2022,12,2496
10,2022,12,2870
11,2022,12,2702
12,2022,12,2303
13,2022,12,2455
14,2022,12,2603
15,2022,12,2283
16,2022,12,2675
17,2022,12,2383
18,2022,12,2606
19,2022,12,2691
20,2022,12,17695
21,2022,12,18005
22,2022,12,19392
23,2022,12,18808
24,2022,12,2684
25,2022,12,2689
26,2022,12,2524
27,2022,12,2409
28,2022,12,2654
29,2022,12,2480
30,2022,12,2233
31,2022,12,2777
32,2022,12,2133
33,2022,12,45126
34,2022,12,2461
35,2022,12,2633
36,2022,12,2846
37,2022,12,2637
38,2022,12,2155
39,2022,12,2813
40,2022,12,2603
41,2022,12,2842
42,2022,12,2448
43,2022,12,2813
44,2022,12,2768
45,2022,12,2376
46,2022,12,2325
47,2022,12,2198
48,2022,12,2615
49,2022,12,2418
50,2022,12,2704
51,2022,12,2686
52,2022,12,2675
53,2022,12,2566
54,2022,12,2271
55,2022,12,57073
56,2022,12,63425
57,2022,12,54238
58,2022,12,60857
59,2022,12,63110
60,2022,12,65970
61,2022,12,51215
62,2022,12,52758
63,2022,12,52870
64,2022,12,2459
65,2022,12,2289
66,2022,12,2337
67,2022,12,2269
68,2022,12,2142
69,2022,12,2193
70,2022,12,2828
71,2022,12,2617
72,2022,12,2751
73,2022,12,28378
74,2022,12,26035
75,2022,12,26560
76,2022,12,22149
77,2022,12,27673
78,2022,12,22224
79,2022,12,2617
80,2022,12,2799
1,2023,1,17846
2,2023,1,19952
3,2023,1,2797
4,2023,1,2646
5,2023,1,2315
6,2023,1,2475
7,2023,1,2827
8,2023,1,2604
9,2023,1,2817
10,2023,1,2332
11,2023,1,2445
12,2023,1,2802
13,2023,1,2702
14,2023,1,2367
15,2023,1,2246
16,2023,1,2180
17,2023,1,2707
18,2023,1,2412
19,2023,1,2374
20,2023,1,17360
21,2023,1,22733
22,2023,1,18587
23,2023,1,19643
24,2023,1,2493
25,2023,1,2821
26,2023,1,2582
27,2023,1,2258
28,2023,1,2494
29,2023,1,2232
30,2023,1,2701
31,2023,1,2288
32,2023,1,2607
33,2023,1,44951
34,2023,1,2661
35,2023,1,2202
36,2023,1,2179
37,2023,1,2553
38,2023,1,2312
39,2023,1,2459
40,2023,1,2797
41,2023,1,2236
42,2023,1,2605
43,2023,1,2824
44,2023,1,2623
45,2023,1,2324
46,2023,1,2650
47,2023,1,2803
48,2023,1,2555
49,2023,1,2511
50,2023,1,2829
51,2023,1,2493
52,2023,1,2452
53,2023,1,2758
54,2023,1,2710
55,2023,1,65136
56,2023,1,60722
57,2023,1,51059
58,2023,1,68174
59,2023,1,65723
60,2023,1,59677
61,2023,1,61210
62,2023,1,67830
63,2023,1,57460
64,2023,1,2636
65,2023,1,2425
66,2023,1,2599
67,2023,1,2844
68,2023,1,2193
69,2023,1,2525
70,2023,1,2845
71,2023,1,2185
72,2023,1,2469
73,2023,1,26998
74,2023,1,26108
75,2023,1,22574
76,2023,1,21544
77,2023,1,24131
78,2023,1,22682
79,2023,1,2646
80,2023,1,2797
1,2023,2,21822
2,2023,2,20113
3,2023,2,2626
4,2023,2,3119
5,2023,2,3211
6,2023,2,2675
7,2023,2,2723
8,2023,2,3197
9,2023,2,3083
10,2023,2,2990
11,2023,2,2606
12,2023,2,3036
13,2023,2,2826
14,2023,2,3030
15,2023,2,3300
16,2023,2,2954
17,2023,2,3446
18,2023,2,2583
19,2023,2,2600
20,2023,2,26072
21,2023,2,20708
22,2023,2,21250
23,2023,2,26211
24,2023,2,3150
25,2023,2,2962
26,2023,2,3160
27,2023,2,3336
28,2023,2,2684
29,2023,2,3071
30,2023,2,3382
31,2023,2,2583
32,2023,2,2677
33,2023,2,50215
34,2023,2,2974
35,2023,2,3376
36,2023,2,2591
37,2023,2,3181
38,2023,2,2667
39,2023,2,2705
40,2023,2,2594
41,2023,2,2826
42,2023,2,3264
43,2023,2,2960
44,2023,2,2703
45,2023,2,3081
46,2023,2,3286
47,2023,2,2645
48,2023,2,2997
49,2023,2,3269
50,2023,2,2748
51,2023,2,3274
52,2023,2,2933
53,2023,2,3280
54,2023,2,3433
55,2023,2,75853
56,2023,2,68203
57,2023,2,82278
58,2023,2,73640
59,2023,2,64166
60,2023,2,79266
61,2023,2,78330
62,2023,2,77707
63,2023,2,74010
64,2023,2,2851
65,2023,2,2658
66,2023,2,2677
67,2023,2,2923
68,2023,2,3176
69,2023,2,3048
70,2023,2,2944
71,2023,2,3383
72,2023,2,2586
73,2023,2,26399
74,2023,2,33126
75,2023,2,31011
76,2023,2,32498
77,2023,2,25640
78,2023,2,29882
79,2023,2,2555
80,2023,2,2711
1,2023,3,30685
2,2023,3,36593
3,2023,3,5580
4,2023,3,4874
5,2023,3,5461
6,2023,3,5408
7,2023,3,5288
8,2023,3,4559
9,2023,3,5209
10,2023,3,5034
11,2023,3,4868
12,2023,3,5657
13,2023,3,5165
14,2023,3,4306
15,2023,3,4520
16,2023,3,4999
17,2023,3,5675
18,2023,3,5190
19,2023,3,5423
20,2023,3,38174
21,2023,3,34054
22,2023,3,36827
23,2023,3,35410
24,2023,3,5045
25,2023,3,4393
26,2023,3,4792
27,2023,3,5391
28,2023,3,5059
29,2023,3,4578
30,2023,3,5405
31,2023,3,5238
32,2023,3,4664
33,2023,3,72649
34,2023,3,5444
35,2023,3,5277
36,2023,3,5702
37,2023,3,4961
38,2023,3,4514
39,2023,3,5255
40,2023,3,4314
41,2023,3,5217
42,2023,3,4677
43,2023,3,4902
44,2023,3,4751
45,2023,3,5457
46,2023,3,5387
47,2023,3,4314
48,2023,3,5360
49,2023,3,5637
50,2023,3,4513
51,2023,3,5428
52,2023,3,4977
53,2023,3,4424
54,2023,3,5592
55,2023,3,127970
56,2023,3,123337
57,2023,3,113735
58,2023,3,109155
59,2023,3,126366
60,2023,3,113724
61,2023,3,130043
62,2023,3,113740
63,2023,3,105530
64,2023,3,5356
65,2023,3,5554
66,2023,3,4813
67,2023,3,4580
68,2023,3,4956
69,2023,3,4976
70,2023,3,5585
71,2023,3,4467
72,2023,3,5641
73,2023,3,49324
74,2023,3,48309
75,2023,3,44546
76,2023,3,53297
77,2023,3,51980
78,2023,3,57133
79,2023,3,4553
80,2023,3,4440
1,2023,4,48123
2,2023,4,39489
3,2023,4,5791
4,2023,4,7185
5,2023,4,6419
6,2023,4,5858
7,2023,4,6194
8,2023,4,7253
9,2023,4,6702
10,2023,4,7064
11,2023,4,6769
12,2023,4,6717
13,2023,4,5856
14,2023,4,7416
15,2023,4,7192
16,2023,4,5693
17,2023,4,7196
18,2023,4,6478
19,2023,4,7466
20,2023,4,53428
21,2023,4,57257
22,2023,4,48555
23,2023,4,55588
24,2023,4,6960
25,2023,4,6005
26,2023,4,6163
27,2023,4,6654
28,2023,4,7264
29,2023,4,6678
30,2023,4,5815
31,2023,4,6643
32,2023,4,5534
33,2023,4,118981
34,2023,4,5603
35,2023,4,6442
36,2023,4,7023
37,2023,4,5590
38,2023,4,6560
39,2023,4,6459
40,2023,4,7081
41,2023,4,7126
42,2023,4,6407
43,2023,4,5993
44,2023,4,6614
45,2023,4,5549
46,2023,4,6951
47,2023,4,7377
48,2023,4,5783
49,2023,4,6101
50,2023,4,6787
51,2023,4,5701
52,2023,4,6460
53,2023,4,6119
54,2023,4,6896
55,2023,4,172750
56,2023,4,167573
57,2023,4,133742
58,2023,4,153886
59,2023,4,168721
60,2023,4,173512
61,2023,4,151570
62,2023,4,169565
63,2023,4,149935
64,2023,4,6430
65,2023,4,6760
66,2023,4,7202
67,2023,4,5662
68,2023,4,7267
69,2023,4,6174
70,2023,4,5588
71,2023,4,6355
72,2023,4,6051
73,2023,4,73698
74,2023,4,65827
75,2023,4,70742
76,2023,4,70609
77,2023,4,56828
78,2023,4,72426
79,2023,4,6959
80,2023,4,5631
1,2023,5,43643
2,2023,5,40517
3,2023,5,6140
4,2023,5,4858
5,2023,5,5278
6,2023,5,5696
7,2023,5,5278
8,2023,5,4964
9,2023,5,5597
10,2023,5,4785
11,2023,5,5845
12,2023,5,5012
13,2023,5,6294
14,2023,5,5068
15,2023,5,4862
16,2023,5,5464
17,2023,5,6224
18,2023,5,5632
19,2023,5,6257
20,2023,5,40169
21,2023,5,47234
22,2023,5,40375
23,2023,5,42055
24,2023,5,5116
25,2023,5,5797
26,2023,5,5132
27,2023,5,4779
28,2023,5,5244
29,2023,5,5477
30,2023,5,5544
31,2023,5,4877
32,2023,5,5846
33,2023,5,92707
34,2023,5,5554
35,2023,5,5157
36,2023,5,5699
37,2023,5,5994
38,2023,5,6234
39,2023,5,6009
40,2023,5,6227
41,2023,5,4783
42,2023,5,6146
43,2023,5,5430
44,2023,5,4807
45,2023,5,6156
46,2023,5,5150
47,2023,5,6253
48,2023,5,4855
49,2023,5,5130
50,2023,5,5825
51,2023,5,5493
52,2023,5,6118
53,2023,5,5534
54,2023,5,5710
55,2023,5,123809
56,2023,5,150595
57,2023,5,133640
58,2023,5,117428
59,2023,5,125929
60,2023,5,129776
61,2023,5,137729
62,2023,5,123744
63,2023,5,114692
64,2023,5,6113
65,2023,5,5058
66,2023,5,6238
67,2023,5,5738
68,2023,5,5354
69,2023,5,5240
70,2023,5,5740
71,2023,5,5213
72,2023,5,5654
73,2023,5,58248
74,2023,5,60641
75,2023,5,54096
76,2023,5,51767
77,2023,5,48927
78,2023,5,59774
79,2023,5,4958
80,2023,5,5104
1,2023,6,24384
2,2023,6,27959
3,2023,6,3783
4,2023,6,3024
5,2023,6,3345
6,2023,6,3453
7,2023,6,3149
8,2023,6,3945
9,2023,6,3722
10,2023,6,3274
11,2023,6,3996
12,2023,6,3856
13,2023,6,3702
14,2023,6,3674
15,2023,6,3136
16,2023,6,3224
17,2023,6,3018
18,2023,6,3307
19,2023,6,3107
20,2023,6,25987
21,2023,6,25349
22,2023,6,28524
23,2023,6,24091
24,2023,6,3307
25,2023,6,3336
26,2023,6,3366
27,2023,6,3541
28,2023,6,3145
29,2023,6,3291
30,2023,6,3941
31,2023,6,3399
32,2023,6,3499
33,2023,6,50042
34,2023,6,3455
35,2023,6,3311
36,2023,6,2979
37,2023,6,3750
38,2023,6,3999
39,2023,6,3322
40,2023,6,3715
41,2023,6,3472
42,2023,6,3279
43,2023,6,3966
44,2023,6,4004
45,2023,6,3577
46,2023,6,3129
47,2023,6,3568
48,2023,6,3927
49,2023,6,3439
50,2023,6,3698
51,2023,6,3743
52,2023,6,3920
53,2023,6,3121
54,2023,6,3553
55,2023,6,79163
56,2023,6,81521
57,2023,6,92590
58,2023,6,82638
59,2023,6,73730
60,2023,6,72786
61,2023,6,87561
62,2023,6,86102
63,2023,6,76998
64,2023,6,3957
65,2023,6,3266
66,2023,6,2998
67,2023,6,3540
68,2023,6,3442
69,2023,6,3680
70,2023,6,3066
71,2023,6,3512
72,2023,6,3179
73,2023,6,33086
74,2023,6,36103
75,2023,6,39655
76,2023,6,39288
77,2023,6,33541
78,2023,6,31303
79,2023,6,3871
80,2023,6,3363
1,2023,7,20198
2,2023,7,19643
3,2023,7,2866
4,2023,7,3429
5,2023,7,3336
6,2023,7,2628
7,2023,7,3205
8,2023,7,2949
9,2023,7,3443
10,2023,7,3273
11,2023,7,2809
12,2023,7,3275
13,2023,7,3423
14,2023,7,2931
15,2023,7,3356
16,2023,7,2675
17,2023,7,3078
18,2023,7,2627
19,2023,7,2737
20,2023,7,23817
21,2023,7,26646
22,2023,7,27503
23,2023,7,20876
24,2023,7,3414
25,2023,7,3230
26,2023,7,2629
27,2023,7,2918
28,2023,7,3372
29,2023,7,2923
30,2023,7,3050
31,2023,7,3189
32,2023,7,3229
33,2023,7,42771
34,2023,7,2717
35,2023,7,2893
36,2023,7,3048
37,2023,7,2588
38,2023,7,3293
39,2023,7,3301
40,2023,7,2823
41,2023,7,3053
42,2023,7,2967
43,2023,7,2574
44,2023,7,2552
45,2023,7,2786
46,2023,7,3410
47,2023,7,3300
48,2023,7,2975
49,2023,7,3138
50,2023,7,3353
51,2023,7,2925
52,2023,7,2992
53,2023,7,3169
54,2023,7,2770
55,2023,7,63778
56,2023,7,67187
57,2023,7,82677
58,2023,7,62641
59,2023,7,77304
60,2023,7,73751
61,2023,7,73416
62,2023,7,79956
63,2023,7,74764
64,2023,7,2978
65,2023,7,3174
66,2023,7,2657
67,2023,7,3011
68,2023,7,3067
69,2023,7,3310
70,2023,7,2696
71,2023,7,2602
72,2023,7,2837
73,2023,7,33404
74,2023,7,26719
75,2023,7,26969
76,2023,7,27954
77,2023,7,29275
78,2023,7,33708
79,2023,7,2870
80,2023,7,2810
1,2023,8,22952
2,2023,8,25727
3,2023,8,3263
4,2023,8,3509
5,2023,8,2941
6,2023,8,2854
7,2023,8,3496
8,2023,8,3292
9,2023,8,3613
10,2023,8,3568
11,2023,8,3430
12,2023,8,3056
13,2023,8,3430
14,2023,8,3433
15,2023,8,2855
16,2023,8,3328
17,2023,8,3565
18,2023,8,2775
19,2023,8,3267
20,2023,8,25009
21,2023,8,25882
22,2023,8,24754
23,2023,8,29204
24,2023,8,2862
25,2023,8,2913
26,2023,8,2978
27,2023,8,2946
28,2023,8,3637
29,2023,8,3360
30,2023,8,3573
31,2023,8,3275
32,2023,8,3281
33,2023,8,52797
34,2023,8,3499
35,2023,8,2873
36,2023,8,3211
37,2023,8,2836
38,2023,8,3560
39,2023,8,3662
40,2023,8,3230
41,2023,8,3066
42,2023,8,3116
43,2023,8,3559
44,2023,8,3629
45,2023,8,3345
46,2023,8,3506
47,2023,8,3095
48,2023,8,3454
49,2023,8,2790
50,2023,8,3556
51,2023,8,2979
52,2023,8,3597
53,2023,8,2901
54,2023,8,2983
55,2023,8,69233
56,2023,8,69347
57,2023,8,68139
58,2023,8,82465
59,2023,8,84646
60,2023,8,68119
61,2023,8,84427
62,2023,8,84021
63,2023,8,67294
64,2023,8,2867
65,2023,8,3535
66,2023,8,3263
67,2023,8,2820
68,2023,8,2878
69,2023,8,3009
70,2023,8,2827
71,2023,8,3413
72,2023,8,3498
73,2023,8,35253
74,2023,8,36595
75,2023,8,29627
76,2023,8,36411
77,2023,8,29426
78,2023,8,31052
79,2023,8,2851
80,2023,8,3587
1,2023,9,39639
2,2023,9,39712
3,2023,9,4771
4,2023,9,4490
5,2023,9,5000
6,2023,9,5342
7,2023,9,4612
8,2023,9,5105
9,2023,9,4398
10,2023,9,5117
11,2023,9,4270
12,2023,9,4575
13,2023,9,4537
14,2023,9,4672
15,2023,9,5602
16,2023,9,5055
17,2023,9,5710
18,2023,9,4398
19,2023,9,4571
20,2023,9,40050
21,2023,9,42493
22,2023,9,38397
23,2023,9,41072
24,2023,9,4909
25,2023,9,5686
26,2023,9,4521
27,2023,9,4782
28,2023,9,4819
29,2023,9,4571
30,2023,9,4591
31,2023,9,4419
32,2023,9,5726
33,2023,9,70966
34,2023,9,4415
35,2023,9,4453
36,2023,9,5393
37,2023,9,5307
38,2023,9,5085
39,2023,9,4310
40,2023,9,4742
41,2023,9,4423
42,2023,9,4675
43,2023,9,5150
44,2023,9,4718
45,2023,9,5714
46,2023,9,4915
47,2023,9,5080
48,2023,9,4685
49,2023,9,5533
50,2023,9,4533
51,2023,9,4354
52,2023,9,5511
53,2023,9,4963
54,2023,9,5268
55,2023,9,108454
56,2023,9,137954
57,2023,9,119699
58,2023,9,105786
59,2023,9,117770
60,2023,9,125707
61,2023,9,105060
62,2023,9,107161
63,2023,9,116422
64,2023,9,5135
65,2023,9,4402
66,2023,9,5637
67,2023,9,5716
68,2023,9,4347
69,2023,9,5712
70,2023,9,4757
71,2023,9,5142
72,2023,9,5735
73,2023,9,44341
74,2023,9,55071
75,2023,9,53378
76,2023,9,46677
77,2023,9,53202
78,2023,9,51228
79,2023,9,4659
80,2023,9,5434
1,2023,10,43812
2,2023,10,40742
3,2023,10,5956
4,2023,10,6185
5,2023,10,5827
6,2023,10,5972
7,2023,10,5602
8,2023,10,6482
9,2023,10,5294
10,2023,10,5551
11,2023,10,5995
12,2023,10,6231
13,2023,10,5342
14,2023,10,5279
15,2023,10,5195
16,2023,10,5222
17,2023,10,6320
18,2023,10,6849
19,2023,10,5788
20,2023,10,50580
21,2023,10,42999
22,2023,10,49756
23,2023,10,42187
24,2023,10,5237
25,2023,10,6452
26,2023,10,6481
27,2023,10,6526
28,2023,10,5463
29,2023,10,6291
30,2023,10,5982
31,2023,10,5570
32,2023,10,5718
33,2023,10,106358
34,2023,10,6083
35,2023,10,6814
36,2023,10,5156
37,2023,10,5874
38,2023,10,6746
39,2023,10,5790
40,2023,10,5666
41,2023,10,5777
42,2023,10,5927
43,2023,10,5159
44,2023,10,6101
45,2023,10,6648
46,2023,10,5645
47,2023,10,6370
48,2023,10,5984
49,2023,10,5342
50,2023,10,6388
51,2023,10,5977
52,2023,10,5296
53,2023,10,6315
54,2023,10,6288
55,2023,10,152008
56,2023,10,147119
57,2023,10,142959
58,2023,10,159307
59,2023,10,144288
60,2023,10,139307
61,2023,10,143770
62,2023,10,164341
63,2023,10,149051
64,2023,10,5734
65,2023,10,6860
66,2023,10,5676
67,2023,10,5150
68,2023,10,5181
69,2023,10,6606
70,2023,10,5727
71,2023,10,6435
72,2023,10,5148
73,2023,10,67044
74,2023,10,57142
75,2023,10,52752
76,2023,10,57212
77,2023,10,57432
78,2023,10,57322
79,2023,10,6290
80,2023,10,5545
1,2023,11,31071
2,2023,11,30575
3,2023,11,4773
4,2023,11,3696
5,2023,11,4001
6,2023,11,4042
7,2023,11,3637
8,2023,11,4028
9,2023,11,4200
10,2023,11,4713
11,2023,11,4336
12,2023,11,4761
13,2023,11,3952
14,2023,11,4499
15,2023,11,4362
16,2023,11,4869
17,2023,11,4094
18,2023,11,4110
19,2023,11,4342
20,2023,11,37144
21,2023,11,29920
22,2023,11,35786
23,2023,11,32326
24,2023,11,4253
25,2023,11,4587
26,2023,11,4045
27,2023,11,4396
28,2023,11,4075
29,2023,11,4168
30,2023,11,4246
31,2023,11,4692
32,2023,11,4616
33,2023,11,74943
34,2023,11,4295
35,2023,11,3978
36,2023,11,3673
37,2023,11,4882
38,2023,11,4125
39,2023,11,3900
40,2023,11,4559
41,2023,11,3729
42,2023,11,4688
43,2023,11,3733
44,2023,11,4041
45,2023,11,3698
46,2023,11,4634
47,2023,11,4218
48,2023,11,3879
49,2023,11,4626
50,2023,11,4443
51,2023,11,3997
52,2023,11,4637
53,2023,11,4164
54,2023,11,4300
55,2023,11,92822
56,2023,11,99010
57,2023,11,105823
58,2023,11,100568
59,2023,11,110061
60,2023,11,92226
61,2023,11,87269
62,2023,11,108221
63,2023,11,113098
64,2023,11,4347
65,2023,11,3884
66,2023,11,4839
67,2023,11,4558
68,2023,11,4208
69,2023,11,4807
70,2023,11,4291
71,2023,11,4395
72,2023,11,4593
73,2023,11,41654
74,2023,11,43342
75,2023,11,44116
76,2023,11,42783
77,2023,11,40769
78,2023,11,38008
79,2023,11,3804
80,2023,11,4486
1,2023,12,16451
2,2023,12,17160
3,2023,12,2363
4,2023,12,2747
5,2023,12,2173
6,2023,12,2277
7,2023,12,2434
8,2023,12,2742
9,2023,12,2609
10,2023,12,2317
11,2023,12,2575
12,2023,12,2429
13,2023,12,2210
14,2023,12,2268
15,2023,12,2309
16,2023,12,2745
17,2023,12,2473
18,2023,12,2544
19,2023,12,2452
20,2023,12,20881
21,2023,12,17222
22,2023,12,17956
23,2023,12,17818
24,2023,12,2318
25,2023,12,2727
26,2023,12,2619
27,2023,12,2256
28,2023,12,2764
29,2023,12,2847
30,2023,12,2489
31,2023,12,2139
32,2023,12,2769
33,2023,12,35007
34,2023,12,2576
35,2023,12,2775
36,2023,12,2800
37,2023,12,2430
38,2023,12,2397
39,2023,12,2618
40,2023,12,2192
41,2023,12,2832
42,2023,12,2668
43,2023,12,2230
44,2023,12,2208
45,2023,12,2675
46,2023,12,2824
47,2023,12,2516
48,2023,12,2746
49,2023,12,2837
50,2023,12,2823
51,2023,12,2313
52,2023,12,2788
53,2023,12,2303
54,2023,12,2216
55,2023,12,65520
56,2023,12,56927
57,2023,12,61517
58,2023,12,58019
59,2023,12,64470
60,2023,12,55246
61,2023,12,58611
62,2023,12,53597
63,2023,12,54152
64,2023,12,2852
65,2023,12,2454
66,2023,12,2315
67,2023,12,2567
68,2023,12,2492
69,2023,12,2406
70,2023,12,2836
71,2023,12,2362
72,2023,12,2442
73,2023,12,26370
74,2023,12,28474
75,2023,12,27845
76,2023,12,28277
77,2023,12,23972
78,2023,12,26617
79,2023,12,2741
80,2023,12,2140
1,2024,1,19950
2,2024,1,18055
3,2024,1,2756
4,2024,1,2621
5,2024,1,2830
6,2024,1,2643
7,2024,1,2716
8,2024,1,2304
9,2024,1,2539
10,2024,1,2356
11,2024,1,2843
12,2024,1,2397
13,2024,1,2734
14,2024,1,2216
15,2024,1,2775
16,2024,1,2768
17,2024,1,2416
18,2024,1,2807
19,2024,1,2419
20,2024,1,22867
21,2024,1,18533
22,2024,1,17541
23,2024,1,21936
24,2024,1,2301
25,2024,1,2282
26,2024,1,2792
27,2024,1,2811
28,2024,1,2598
29,2024,1,2784
30,2024,1,2700
31,2024,1,2429
32,2024,1,2150
33,2024,1,44397
34,2024,1,2742
35,2024,1,2830
36,2024,1,2478
37,2024,1,2434
38,2024,1,2755
39,2024,1,2663
40,2024,1,2782
41,2024,1,2740
42,2024,1,2743
43,2024,1,2648
44,2024,1,2504
45,2024,1,2388
46,2024,1,2576
47,2024,1,2735
48,2024,1,2678
49,2024,1,2464
50,2024,1,2145
51,2024,1,2164
52,2024,1,2606
53,2024,1,2597
54,2024,1,2718
55,2024,1,53449
56,2024,1,58211
57,2024,1,62309
58,2024,1,56646
59,2024,1,52480
60,2024,1,53840
61,2024,1,60294
62,2024,1,68453
63,2024,1,65951
64,2024,1,2697
65,2024,1,2760
66,2024,1,2639
67,2024,1,2719
68,2024,1,2364
69,2024,1,2483
70,2024,1,2676
71,2024,1,2320
72,2024,1,2640
73,2024,1,27450
74,2024,1,27246
75,2024,1,22739
76,2024,1,24358
77,2024,1,22614
78,2024,1,27822
79,2024,1,2833
80,2024,1,2788
1,2024,2,19264
2,2024,2,23823
3,2024,2,3380
4,2024,2,3132
5,2024,2,3113
6,2024,2,3366
7,2024,2,3426
8,2024,2,2728
9,2024,2,3181
10,2024,2,2701
11,2024,2,2910
12,2024,2,2936
13,2024,2,2784
14,2024,2,2630
15,2024,2,2881
16,2024,2,3402
17,2024,2,2655
18,2024,2,3196
19,2024,2,2941
20,2024,2,27023
21,2024,2,23666
22,2024,2,25249
23,2024,2,21253
24,2024,2,3192
25,2024,2,2721
26,2024,2,3325
27,2024,2,3253
28,2024,2,2809
29,2024,2,2994
30,2024,2,2667
31,2024,2,3320
32,2024,2,3090
33,2024,2,55130
34,2024,2,2804
35,2024,2,3159
36,2024,2,2926
37,2024,2,2917
38,2024,2,2681
39,2024,2,2811
40,2024,2,2785
41,2024,2,3105
42,2024,2,3366
43,2024,2,2882
44,2024,2,3165
45,2024,2,2962
46,2024,2,2559
47,2024,2,2669
48,2024,2,2840
49,2024,2,3173
50,2024,2,3168
51,2024,2,3192
52,2024,2,3187
53,2024,2,3212
54,2024,2,2780
55,2024,2,63258
56,2024,2,62469
57,2024,2,68389
58,2024,2,66272
59,2024,2,80817
60,2024,2,82729
61,2024,2,81489
62,2024,2,82091
63,2024,2,74121
64,2024,2,3223
65,2024,2,2590
66,2024,2,2778
67,2024,2,3107
68,2024,2,2822
69,2024,2,2905
70,2024,2,2883
71,2024,2,3421
72,2024,2,3053
73,2024,2,30724
74,2024,2,27842
75,2024,2,30033
76,2024,2,33872
77,2024,2,33401
78,2024,2,26687
79,2024,2,2835
80,2024,2,3027
1,2024,3,31238
2,2024,3,30976
3,2024,3,4316
4,2024,3,4441
5,2024,3,5557
6,2024,3,5502
7,2024,3,5371
8,2024,3,5639
9,2024,3,4674
10,2024,3,5565
11,2024,3,5169
12,2024,3,5392
13,2024,3,4645
14,2024,3,4719
15,2024,3,5589
16,2024,3,4723
17,2024,3,5741
18,2024,3,5395
19,2024,3,4476
20,2024,3,44236
21,2024,3,41889
22,2024,3,43578
23,2024,3,34638
24,2024,3,4472
25,2024,3,4594
26,2024,3,4303
27,2024,3,4640
28,2024,3,5308
29,2024,3,4904
30,2024,3,5742
31,2024,3,5640
32,2024,3,4311
33,2024,3,76556
34,2024,3,5313
35,2024,3,4977
36,2024,3,4989
37,2024,3,5518
38,2024,3,5550
39,2024,3,4435
40,2024,3,4390
41,2024,3,5552
42,2024,3,4520
43,2024,3,4502
44,2024,3,5013
45,2024,3,4659
46,2024,3,5586
47,2024,3,5128
48,2024,3,5125
49,2024,3,5707
50,2024,3,5039
51,2024,3,5106
52,2024,3,4874
53,2024,3,4365
54,2024,3,5402
55,2024,3,126368
56,2024,3,133945
57,2024,3,102934
58,2024,3,126527
59,2024,3,126503
60,2024,3,116190
61,2024,3,123252
62,2024,3,136243
63,2024,3,132131
64,2024,3,4480
65,2024,3,4371
66,2024,3,5496
67,2024,3,5239
68,2024,3,4931
69,2024,3,5682
70,2024,3,5141
71,2024,3,4258
72,2024,3,5704
73,2024,3,52342
74,2024,3,56763
75,2024,3,47373
76,2024,3,53473
77,2024,3,53514
78,2024,3,56861
79,2024,3,5103
80,2024,3,4567
1,2024,4,39339
2,2024,4,47460
3,2024,4,6155
4,2024,4,5633
5,2024,4,5662
6,2024,4,7381
7,2024,4,6268
8,2024,4,6302
9,2024,4,5872
10,2024,4,7406
11,2024,4,7212
12,2024,4,5698
13,2024,4,7187
14,2024,4,5842
15,2024,4,7045
16,2024,4,6080
17,2024,4,6992
18,2024,4,6800
19,2024,4,5760
20,2024,4,51857
21,2024,4,50944
22,2024,4,56779
23,2024,4,49037
24,2024,4,6860
25,2024,4,5781
26,2024,4,6822
27,2024,4,7147
28,2024,4,6524
29,2024,4,6479
30,2024,4,7251
31,2024,4,6454
32,2024,4,6622
33,2024,4,101599
34,2024,4,7000
35,2024,4,7106
36,2024,4,6722
37,2024,4,6371
38,2024,4,6355
39,2024,4,5603
40,2024,4,6191
41,2024,4,6428
42,2024,4,5962
43,2024,4,6863
44,2024,4,5827
45,2024,4,6490
46,2024,4,6752
47,2024,4,6548
48,2024,4,6091
49,2024,4,6377
50,2024,4,7294
51,2024,4,6456
52,2024,4,5814
53,2024,4,5774
54,2024,4,7285
55,2024,4,171983
56,2024,4,157080
57,2024,4,146428
58,2024,4,134833
59,2024,4,136181
60,2024,4,134710
61,2024,4,137637
62,2024,4,152485
63,2024,4,137021
64,2024,4,6813
65,2024,4,6633
66,2024,4,6019
67,2024,4,6021
68,2024,4,5684
69,2024,4,6506
70,2024,4,5747
71,2024,4,6815
72,2024,4,5875
73,2024,4,58803
74,2024,4,62912
75,2024,4,56874
76,2024,4,72346
77,2024,4,61054
78,2024,4,66700
79,2024,4,6412
80,2024,4,6832
1,2024,5,39930
2,2024,5,35786
3,2024,5,6270
4,2024,5,6112
5,2024,5,4983
6,2024,5,4980
7,2024,5,5907
8,2024,5,5671
9,2024,5,6113
10,2024,5,4850
11,2024,5,5556
12,2024,5,4684
13,2024,5,4867
14,2024,5,4958
15,2024,5,5462
16,2024,5,5816
17,2024,5,6108
18,2024,5,6268
19,2024,5,5668
20,2024,5,43824
21,2024,5,45564
22,2024,5,50255
23,2024,5,42161
24,2024,5,5786
25,2024,5,5813
26,2024,5,5326
27,2024,5,5174
28,2024,5,4881
29,2024,5,4697
30,2024,5,4859
31,2024,5,4701
32,2024,5,6276
33,2024,5,97477
34,2024,5,5020
35,2024,5,5745
36,2024,5,5747
37,2024,5,5394
38,2024,5,5707
39,2024,5,5978
40,2024,5,4990
41,2024,5,5171
42,2024,5,5439
43,2024,5,5457
44,2024,5,4710
45,2024,5,4949
46,2024,5,4926
47,2024,5,5834
48,2024,5,6265
49,2024,5,5452
50,2024,5,6093
51,2024,5,5640
52,2024,5,5007
53,2024,5,5614
54,2024,5,6050
55,2024,5,114216
56,2024,5,112511
57,2024,5,137164
58,2024,5,140438
59,2024,5,150987
60,2024,5,145805
61,2024,5,141388
62,2024,5,135795
63,2024,5,134150
64,2024,5,5154
65,2024,5,5479
66,2024,5,5477
67,2024,5,5650
68,2024,5,5683
69,2024,5,5794
70,2024,5,6022
71,2024,5,5480
72,2024,5,5853
73,2024,5,55467
74,2024,5,53713
75,2024,5,51961
76,2024,5,47797
77,2024,5,61482
78,2024,5,53632
79,2024,5,5456
80,2024,5,5491
1,2024,6,27726
2,2024,6,23373
3,2024,6,3707
4,2024,6,2996
5,2024,6,3277
6,2024,6,3176
7,2024,6,3336
8,2024,6,3218
9,2024,6,3205
10,2024,6,3929
11,2024,6,3331
12,2024,6,3607
13,2024,6,3859
14,2024,6,3664
15,2024,6,3112
16,2024,6,3283
17,2024,6,3721
18,2024,6,3982
19,2024,6,3849
20,2024,6,29454
21,2024,6,29970
22,2024,6,30486
23,2024,6,30517
24,2024,6,3861
25,2024,6,3627
26,2024,6,3271
27,2024,6,3761
28,2024,6,3675
29,2024,6,3110
30,2024,6,3184
31,2024,6,3611
32,2024,6,3080
33,2024,6,54588
34,2024,6,4018
35,2024,6,3293
36,2024,6,3194
37,2024,6,3024
38,2024,6,2994
39,2024,6,3899
40,2024,6,3349
41,2024,6,3141
42,2024,6,3844
43,2024,6,3914
44,2024,6,3008
45,2024,6,3041
46,2024,6,3427
47,2024,6,3623
48,2024,6,3101
49,2024,6,3210
50,2024,6,3245
51,2024,6,3332
52,2024,6,3348
53,2024,6,3024
54,2024,6,3896
55,2024,6,78140
56,2024,6,75209
57,2024,6,88791
58,2024,6,84387
59,2024,6,88271
60,2024,6,89201
61,2024,6,94751
62,2024,6,82433
63,2024,6,82919
64,2024,6,3858
65,2024,6,3091
66,2024,6,3086
67,2024,6,3616
68,2024,6,3796
69,2024,6,3969
70,2024,6,3839
71,2024,6,3019
72,2024,6,3085
73,2024,6,36364
74,2024,6,38894
75,2024,6,39315
76,2024,6,31398
77,2024,6,32817
78,2024,6,34385
79,2024,6,3506
80,2024,6,3744
1,2024,7,18475
2,2024,7,21926
3,2024,7,2851
4,2024,7,2673
5,2024,7,3313
6,2024,7,2945
7,2024,7,2924
8,2024,7,3242
9,2024,7,2770
10,2024,7,3278
11,2024,7,2857
12,2024,7,3004
13,2024,7,2626
14,2024,7,2885
15,2024,7,3229
16,2024,7,2874
17,2024,7,3148
18,2024,7,2686
19,2024,7,3228
20,2024,7,23436
21,2024,7,22042
22,2024,7,26172
23,2024,7,23376
24,2024,7,2918
25,2024,7,2962
26,2024,7,3317
27,2024,7,3265
28,2024,7,2875
29,2024,7,2576
30,2024,7,2681
31,2024,7,2558
32,2024,7,3275
33,2024,7,54388
34,2024,7,2626
35,2024,7,2833
36,2024,7,3433
37,2024,7,2697
38,2024,7,2605
39,2024,7,3233
40,2024,7,3144
41,2024,7,3127
42,2024,7,3362
43,2024,7,2602
44,2024,7,3118
45,2024,7,3192
46,2024,7,3144
47,2024,7,3017
48,2024,7,2816
49,2024,7,2911
50,2024,7,3162
51,2024,7,3048
52,2024,7,2823
53,2024,7,3218
54,2024,7,3368
55,2024,7,61370
56,2024,7,67243
57,2024,7,72600
58,2024,7,81081
59,2024,7,76326
60,2024,7,70837
61,2024,7,65630
62,2024,7,72959
63,2024,7,78228
64,2024,7,3136
65,2024,7,3177
66,2024,7,3348
67,2024,7,3253
68,2024,7,2914
69,2024,7,2727
70,2024,7,2821
71,2024,7,2583
72,2024,7,2851
73,2024,7,32025
74,2024,7,32160
75,2024,7,26634
76,2024,7,34427
77,2024,7,28055
78,2024,7,26335
79,2024,7,3046
80,2024,7,3019
1,2024,8,24504
2,2024,8,20429
3,2024,8,2789
4,2024,8,3539
5,2024,8,3340
6,2024,8,2997
7,2024,8,3517
8,2024,8,3470
9,2024,8,3724
10,2024,8,2870
11,2024,8,2820
12,2024,8,3126
13,2024,8,3373
14,2024,8,3108
15,2024,8,2809
16,2024,8,3397
17,2024,8,2884
18,2024,8,3053
19,2024,8,3480
20,2024,8,25634
21,2024,8,29767
22,2024,8,28382
23,2024,8,29814
24,2024,8,3313
25,2024,8,3634
26,2024,8,3374
27,2024,8,3282
28,2024,8,3343
29,2024,8,3104
30,2024,8,3039
31,2024,8,3527
32,2024,8,3459
33,2024,8,54689
34,2024,8,3458
35,2024,8,3269
36,2024,8,3003
37,2024,8,3082
38,2024,8,3330
39,2024,8,3564
40,2024,8,3114
41,2024,8,2858
42,2024,8,3456
43,2024,8,3570
44,2024,8,2842
45,2024,8,2823
46,2024,8,3628
47,2024,8,3226
48,2024,8,3197
49,2024,8,3122
50,2024,8,3275
51,2024,8,3336
52,2024,8,3268
53,2024,8,3147
54,2024,8,3019
55,2024,8,77972
56,2024,8,76208
57,2024,8,76597
58,2024,8,88086
59,2024,8,77755
60,2024,8,89074
61,2024,8,85577
62,2024,8,69677
63,2024,8,69274
64,2024,8,3455
65,2024,8,2888
66,2024,8,3449
67,2024,8,3604
68,2024,8,2877
69,2024,8,2969
70,2024,8,3224
71,2024,8,3490
72,2024,8,3682
73,2024,8,31225
74,2024,8,36905
75,2024,8,33490
76,2024,8,31609
77,2024,8,28803
78,2024,8,33199
79,2024,8,2801
80,2024,8,2911
1,2024,9,33650
2,2024,9,40155
3,2024,9,4704
4,2024,9,4978
5,2024,9,5436
6,2024,9,4463
7,2024,9,5134
8,2024,9,4322
9,2024,9,5591
10,2024,9,5583
11,2024,9,4573
12,2024,9,5478
13,2024,9,4983
14,2024,9,4433
15,2024,9,4772
16,2024,9,5555
17,2024,9,4876
18,2024,9,5109
19,2024,9,5098
20,2024,9,44803
21,2024,9,43376
22,2024,9,39702
23,2024,9,42640
24,2024,9,5158
25,2024,9,5392
26,2024,9,5007
27,2024,9,4941
28,2024,9,4924
29,2024,9,4923
30,2024,9,5549
31,2024,9,4737
32,2024,9,5449
33,2024,9,83948
34,2024,9,4864
35,2024,9,4599
36,2024,9,4843
37,2024,9,5061
38,2024,9,5687
39,2024,9,5585
40,2024,9,5353
41,2024,9,5218
42,2024,9,5548
43,2024,9,5310
44,2024,9,5107
45,2024,9,5444
46,2024,9,5311
47,2024,9,5091
48,2024,9,4435
49,2024,9,5089
50,2024,9,4538
51,2024,9,5178
52,2024,9,5115
53,2024,9,4329
54,2024,9,5105
55,2024,9,108818
56,2024,9,119130
57,2024,9,134287
58,2024,9,106330
59,2024,9,135702
60,2024,9,108470
61,2024,9,102683
62,2024,9,130323
63,2024,9,110830
64,2024,9,5308
65,2024,9,5581
66,2024,9,4916
67,2024,9,5460
68,2024,9,5160
69,2024,9,4852
70,2024,9,4317
71,2024,9,5542
72,2024,9,4284
73,2024,9,49055
74,2024,9,48724
75,2024,9,55394
76,2024,9,47260
77,2024,9,46357
78,2024,9,44219
79,2024,9,4399
80,2024,9,4502
1,2024,10,37514
2,2024,10,38919
3,2024,10,5261
4,2024,10,5652
5,2024,10,5833
6,2024,10,5404
7,2024,10,6206
8,2024,10,5685
9,2024,10,5148
10,2024,10,5205
11,2024,10,5801
12,2024,10,5676
13,2024,10,5843
14,2024,10,5683
15,2024,10,5775
16,2024,10,6589
17,2024,10,5317
18,2024,10,5464
19,2024,10,6453
20,2024,10,49238
21,2024,10,47898
22,2024,10,51634
23,2024,10,46344
24,2024,10,5307
25,2024,10,5209
26,2024,10,5936
27,2024,10,5832
28,2024,10,5971
29,2024,10,5833
30,2024,10,5520
31,2024,10,6695
32,2024,10,5584
33,2024,10,109348
34,2024,10,6315
35,2024,10,5543
36,2024,10,6098
37,2024,10,6513
38,2024,10,5648
39,2024,10,5832
40,2024,10,5251
41,2024,10,6244
42,2024,10,5466
43,2024,10,6842
44,2024,10,5771
45,2024,10,6873
46,2024,10,6507
47,2024,10,6067
48,2024,10,5862
49,2024,10,6740
50,2024,10,5913
51,2024,10,5101
52,2024,10,5936
53,2024,10,6592
54,2024,10,5620
55,2024,10,164393
56,2024,10,122423
57,2024,10,162727
58,2024,10,143230
59,2024,10,148227
60,2024,10,158665
61,2024,10,138822
62,2024,10,137581
63,2024,10,149711
64,2024,10,6153
65,2024,10,6018
66,2024,10,5181
67,2024,10,6430
68,2024,10,6113
69,2024,10,5641
70,2024,10,5811
71,2024,10,5321
72,2024,10,5351
73,2024,10,61016
74,2024,10,56030
75,2024,10,58775
76,2024,10,61988
77,2024,10,68233
78,2024,10,56729
79,2024,10,6327
80,2024,10,5716
1,2024,11,27620
2,2024,11,32005
3,2024,11,4189
4,2024,11,3926
5,2024,11,4865
6,2024,11,4048
7,2024,11,4198
8,2024,11,4376
9,2024,11,3632
10,2024,11,4494
11,2024,11,4436
12,2024,11,3615
13,2024,11,4220
14,2024,11,4761
15,2024,11,4470
16,2024,11,4139
17,2024,11,4753
18,2024,11,4509
19,2024,11,4584
20,2024,11,34388
21,2024,11,36930
22,2024,11,35520
23,2024,11,29690
24,2024,11,3651
25,2024,11,4673
26,2024,11,4468
27,2024,11,4469
28,2024,11,4062
29,2024,11,4648
30,2024,11,4667
31,2024,11,4068
32,2024,11,3838
33,2024,11,73466
34,2024,11,4501
35,2024,11,3623
36,2024,11,4202
37,2024,11,4806
38,2024,11,4179
39,2024,11,3894
40,2024,11,3637
41,2024,11,3970
42,2024,11,4787
43,2024,11,4068
44,2024,11,3727
45,2024,11,4394
46,2024,11,3999
47,2024,11,4527
48,2024,11,3911
49,2024,11,4242
50,2024,11,4075
51,2024,11,3970
52,2024,11,4765
53,2024,11,4513
54,2024,11,3879
55,2024,11,92700
56,2024,11,111826
57,2024,11,98820
58,2024,11,113319
59,2024,11,104114
60,2024,11,101816
61,2024,11,103584
62,2024,11,106891
63,2024,11,104010
64,2024,11,4482
65,2024,11,4333
66,2024,11,3695
67,2024,11,3776
68,2024,11,3695
69,2024,11,3943
70,2024,11,4339
71,2024,11,3903
72,2024,11,4279
73,2024,11,46098
74,2024,11,38571
75,2024,11,44769
76,2024,11,48772
77,2024,11,44960
78,2024,11,42920
79,2024,11,3934
80,2024,11,4326
1,2024,12,17258
2,2024,12,19798
3,2024,12,2605
4,2024,12,2832
5,2024,12,2163
6,2024,12,2829
7,2024,12,2449
8,2024,12,2871
9,2024,12,2330
10,2024,12,2635
11,2024,12,2474
12,2024,12,2396
13,2024,12,2694
14,2024,12,2787
15,2024,12,2293
16,2024,12,2333
17,2024,12,2440
18,2024,12,2461
19,2024,12,2128
20,2024,12,18167
21,2024,12,17490
22,2024,12,20430
23,2024,12,17152
24,2024,12,2678
25,2024,12,2858
26,2024,12,2442
27,2024,12,2180
28,2024,12,2312
29,2024,12,2248
30,2024,12,2358
31,2024,12,2594
32,2024,12,2197
33,2024,12,39759
34,2024,12,2731
35,2024,12,2569
36,2024,12,2594
37,2024,12,2375
38,2024,12,2312
39,2024,12,2205
40,2024,12,2303
41,2024,12,2380
42,2024,12,2165
43,2024,12,2375
44,2024,12,2720
45,2024,12,2832
46,2024,12,2706
47,2024,12,2589
48,2024,12,2698
49,2024,12,2594
50,2024,12,2559
51,2024,12,2189
52,2024,12,2170
53,2024,12,2150
54,2024,12,2359
55,2024,12,66258
56,2024,12,52170
57,2024,12,53295
58,2024,12,67544
59,2024,12,58954
60,2024,12,56426
61,2024,12,62271
62,2024,12,52184
63,2024,12,63196
64,2024,12,2544
65,2024,12,2346
66,2024,12,2411
67,2024,12,2196
68,2024,12,2688
69,2024,12,2299
70,2024,12,2574
71,2024,12,2619
72,2024,12,2132
73,2024,12,24129
74,2024,12,27213
75,2024,12,27849
76,2024,12,25894
77,2024,12,23797
78,2024,12,28281
79,2024,12,2712
80,2024,12,2465
1,2025,1,16598
2,2025,1,15885
3,2025,1,2202
4,2025,1,2571
5,2025,1,2175
6,2025,1,2717
7,2025,1,2270
8,2025,1,2554
9,2025,1,2603
10,2025,1,2317
11,2025,1,2440
12,2025,1,2668
13,2025,1,2458
14,2025,1,2307
15,2025,1,2722
16,2025,1,2170
17,2025,1,2358
18,2025,1,2451
19,2025,1,2844
20,2025,1,21526
21,2025,1,18867
22,2025,1,22311
23,2025,1,21652
24,2025,1,2235
25,2025,1,2356
26,2025,1,2382
27,2025,1,2401
28,2025,1,2131
29,2025,1,2564
30,2025,1,2633
31,2025,1,2167
32,2025,1,2505
33,2025,1,44022
34,2025,1,2769
35,2025,1,2441
36,2025,1,2271
37,2025,1,2275
38,2025,1,2806
39,2025,1,2713
40,2025,1,2381
41,2025,1,2625
42,2025,1,2646
43,2025,1,2861
44,2025,1,2574
45,2025,1,2373
46,2025,1,2558
47,2025,1,2847
48,2025,1,2587
49,2025,1,2439
50,2025,1,2246
51,2025,1,2465
52,2025,1,2716
53,2025,1,2156
54,2025,1,2289
55,2025,1,51066
56,2025,1,55014
57,2025,1,55144
58,2025,1,62230
59,2025,1,55302
60,2025,1,64222
61,2025,1,68146
62,2025,1,56967
63,2025,1,64321
64,2025,1,2278
65,2025,1,2263
66,2025,1,2867
67,2025,1,2397
68,2025,1,2180
69,2025,1,2147
70,2025,1,2211
71,2025,1,2342
72,2025,1,2270
73,2025,1,25642
74,2025,1,26991
75,2025,1,21579
76,2025,1,21472
77,2025,1,22733
78,2025,1,22556
79,2025,1,2789
80,2025,1,2664
1,2025,2,19990
2,2025,2,21343
3,2025,2,2710
4,2025,2,2569
5,2025,2,3308
6,2025,2,3369
7,2025,2,2568
8,2025,2,3159
9,2025,2,2891
10,2025,2,3258
11,2025,2,2649
12,2025,2,3392
13,2025,2,2824
14,2025,2,2766
15,2025,2,3278
16,2025,2,3144
17,2025,2,3397
18,2025,2,3429
19,2025,2,3447
20,2025,2,26747
21,2025,2,26724
22,2025,2,20870
23,2025,2,21439
24,2025,2,3381
25,2025,2,3265
26,2025,2,2722
27,2025,2,2890
28,2025,2,2886
29,2025,2,3089
30,2025,2,3429
31,2025,2,2770
32,2025,2,2591
33,2025,2,49670
34,2025,2,2720
35,2025,2,3031
36,2025,2,3260
37,2025,2,2844
38,2025,2,2597
39,2025,2,3266
40,2025,2,3335
41,2025,2,3316
42,2025,2,3421
43,2025,2,3347
44,2025,2,2738
45,2025,2,2623
46,2025,2,2973
47,2025,2,3147
48,2025,2,2608
49,2025,2,3007
50,2025,2,3226
51,2025,2,3130
52,2025,2,3008
53,2025,2,2998
54,2025,2,2967
55,2025,2,68151
56,2025,2,69275
57,2025,2,76201
58,2025,2,76658
59,2025,2,71887
60,2025,2,66996
61,2025,2,69860
62,2025,2,81097
63,2025,2,73814
64,2025,2,2582
65,2025,2,2747
66,2025,2,2732
67,2025,2,3326
68,2025,2,2906
69,2025,2,2825
70,2025,2,3349
71,2025,2,3064
72,2025,2,3391
73,2025,2,28866
74,2025,2,30454
75,2025,2,26708
76,2025,2,26256
77,2025,2,29500
78,2025,2,28664
79,2025,2,3075
80,2025,2,2968
1,2025,3,36271
2,2025,3,34224
3,2025,3,4951
4,2025,3,4863
5,2025,3,5456
6,2025,3,4725
7,2025,3,4823
8,2025,3,4519
9,2025,3,4600
10,2025,3,5218
11,2025,3,4788
12,2025,3,4373
13,2025,3,5513
14,2025,3,5019
15,2025,3,5215
16,2025,3,5428
17,2025,3,5639
18,2025,3,4397
19,2025,3,4357
20,2025,3,34459
21,2025,3,36403
22,2025,3,36359
23,2025,3,37950
24,2025,3,4704
25,2025,3,5473
26,2025,3,5275
27,2025,3,4661
28,2025,3,5308
29,2025,3,5746
30,2025,3,5747
31,2025,3,5378
32,2025,3,5359
33,2025,3,89897
34,2025,3,4262
35,2025,3,4699
36,2025,3,5483
37,2025,3,5424
38,2025,3,4855
39,2025,3,4858
40,2025,3,5119
41,2025,3,5232
42,2025,3,4958
43,2025,3,5018
44,2025,3,5391
45,2025,3,4473
46,2025,3,4846
47,2025,3,4590
48,2025,3,5373
49,2025,3,4961
50,2025,3,5023
51,2025,3,5428
52,2025,3,5386
53,2025,3,5333
54,2025,3,4942
55,2025,3,130508
56,2025,3,113270
57,2025,3,108762
58,2025,3,129724
59,2025,3,127125
60,2025,3,109545
61,2025,3,118198
62,2025,3,122104
63,2025,3,115489
64,2025,3,5116
65,2025,3,4442
66,2025,3,5665
67,2025,3,4264
68,2025,3,5465
69,2025,3,5501
70,2025,3,4759
71,2025,3,4878
72,2025,3,5278
73,2025,3,48550
74,2025,3,54179
75,2025,3,50564
76,2025,3,47391
77,2025,3,42848
78,2025,3,54280
79,2025,3,5633
80,2025,3,4480
1,2025,4,51678
2,2025,4,43182
3,2025,4,6753
4,2025,4,6700
5,2025,4,6710
6,2025,4,7215
7,2025,4,7436
8,2025,4,5923
9,2025,4,6286
10,2025,4,6567
11,2025,4,5892
12,2025,4,5736
13,2025,4,6635
14,2025,4,6405
15,2025,4,7269
16,2025,4,5706
17,2025,4,5728
18,2025,4,6603
19,2025,4,5587
20,2025,4,54948
21,2025,4,51822
22,2025,4,47112
23,2025,4,45284
24,2025,4,7402
25,2025,4,6078
26,2025,4,5979
27,2025,4,6811
28,2025,4,5661
29,2025,4,5637
30,2025,4,6536
31,2025,4,5860
32,2025,4,7201
33,2025,4,101218
34,2025,4,5831
35,2025,4,5740
36,2025,4,6571
37,2025,4,6457
38,2025,4,5659
39,2025,4,7387
40,2025,4,7213
41,2025,4,5778
42,2025,4,5926
43,2025,4,6367
44,2025,4,6908
45,2025,4,6450
46,2025,4,6702
47,2025,4,7356
48,2025,4,6670
49,2025,4,6504
50,2025,4,6860
51,2025,4,6062
52,2025,4,5539
53,2025,4,5803
54,2025,4,5649
55,2025,4,151284
56,2025,4,170394
57,2025,4,157210
58,2025,4,175202
59,2025,4,173748
60,2025,4,154137
61,2025,4,159563
62,2025,4,167105
63,2025,4,146074
64,2025,4,7242
65,2025,4,6414
66,2025,4,6890
67,2025,4,6912
68,2025,4,6105
69,2025,4,6720
70,2025,4,7104
71,2025,4,5866
72,2025,4,6010
73,2025,4,72799
74,2025,4,69548
75,2025,4,64177
76,2025,4,73011
77,2025,4,58827
78,2025,4,66337
79,2025,4,6292
80,2025,4,7369
1,2025,5,35493
2,2025,5,42779
3,2025,5,5126
4,2025,5,5711
5,2025,5,5156
6,2025,5,6186
7,2025,5,5826
8,2025,5,5866
9,2025,5,5033
10,2025,5,5489
11,2025,5,6312
12,2025,5,5587
13,2025,5,6317
14,2025,5,4801
15,2025,5,4848
16,2025,5,5939
17,2025,5,5212
18,2025,5,5419
19,2025,5,5092
20,2025,5,44080
21,2025,5,43500
22,2025,5,38366
23,2025,5,46567
24,2025,5,5912
25,2025,5,5303
26,2025,5,5905
27,2025,5,6087
28,2025,5,5329
29,2025,5,4692
30,2025,5,4864
31,2025,5,6188
32,2025,5,5214
33,2025,5,94565
34,2025,5,5474
35,2025,5,4787
36,2025,5,5579
37,2025,5,5074
38,2025,5,6242
39,2025,5,4906
40,2025,5,6028
41,2025,5,6063
42,2025,5,4956
43,2025,5,4704
44,2025,5,4840
45,2025,5,5160
46,2025,5,5557
47,2025,5,5319
48,2025,5,4803
49,2025,5,5934
50,2025,5,5792
51,2025,5,4928
52,2025,5,5265
53,2025,5,5032
54,2025,5,4731
55,2025,5,138931
56,2025,5,120760
57,2025,5,139790
58,2025,5,145325
59,2025,5,144335
60,2025,5,137584
61,2025,5,140569
62,2025,5,147721
63,2025,5,127668
64,2025,5,5183
65,2025,5,4761
66,2025,5,4682
67,2025,5,5949
68,2025,5,5940
69,2025,5,6207
70,2025,5,5293
71,2025,5,5068
72,2025,5,4825
73,2025,5,53707
74,2025,5,63073
75,2025,5,52312
76,2025,5,49920
77,2025,5,57787
78,2025,5,50389
79,2025,5,6130
80,2025,5,5989
1,2025,6,26928
2,2025,6,22058
3,2025,6,3150
4,2025,6,3411
5,2025,6,3088
6,2025,6,3318
7,2025,6,3565
8,2025,6,3174
9,2025,6,3192
10,2025,6,3543
11,2025,6,3960
12,2025,6,3101
13,2025,6,3199
14,2025,6,3349
15,2025,6,3157
16,2025,6,3397
17,2025,6,3307
18,2025,6,3383
19,2025,6,3456
20,2025,6,24354
21,2025,6,30646
22,2025,6,29259
23,2025,6,26899
24,2025,6,3045
25,2025,6,3204
26,2025,6,3291
27,2025,6,3603
28,2025,6,4007
29,2025,6,3081
30,2025,6,3537
31,2025,6,4015
32,2025,6,3867
33,2025,6,50480
34,2025,6,3981
35,2025,6,3604
36,2025,6,4005
37,2025,6,3706
38,2025,6,3686
39,2025,6,3995
40,2025,6,3703
41,2025,6,3323
42,2025,6,3642
43,2025,6,3903
44,2025,6,3308
45,2025,6,3869
46,2025,6,3481
47,2025,6,3326
48,2025,6,3613
49,2025,6,3589
50,2025,6,3376
51,2025,6,3647
52,2025,6,3219
53,2025,6,3591
54,2025,6,4012
55,2025,6,77261
56,2025,6,86931
57,2025,6,93998
58,2025,6,79182
59,2025,6,89995
60,2025,6,90482
61,2025,6,87018
62,2025,6,72910
63,2025,6,80837
64,2025,6,3286
65,2025,6,3134
66,2025,6,3189
67,2025,6,3014
68,2025,6,3944
69,2025,6,3602
70,2025,6,3968
71,2025,6,3751
72,2025,6,3320
73,2025,6,32670
74,2025,6,36507
75,2025,6,37735
76,2025,6,35219
77,2025,6,40014
78,2025,6,36554
79,2025,6,3277
80,2025,6,2999
1,2025,7,23185
2,2025,7,19937
3,2025,7,2768
4,2025,7,3035
5,2025,7,3365
6,2025,7,3148
7,2025,7,2773
8,2025,7,3168
9,2025,7,3197
10,2025,7,3097
11,2025,7,2893
12,2025,7,2839
13,2025,7,2948
14,2025,7,2555
15,2025,7,3332
16,2025,7,2612
17,2025,7,2723
18,2025,7,3120
19,2025,7,2677
20,2025,7,21870
21,2025,7,21060
22,2025,7,24666
23,2025,7,26384
24,2025,7,3388
25,2025,7,2762
26,2025,7,2620
27,2025,7,3202
28,2025,7,2830
29,2025,7,3199
30,2025,7,2770
31,2025,7,2708
32,2025,7,2774
33,2025,7,44909
34,2025,7,2953
35,2025,7,3122
36,2025,7,2794
37,2025,7,3253
38,2025,7,2622
39,2025,7,3425
40,2025,7,2908
41,2025,7,2700
42,2025,7,2947
43,2025,7,3004
44,2025,7,3211
45,2025,7,3234
46,2025,7,3287
47,2025,7,3264
48,2025,7,2567
49,2025,7,2893
50,2025,7,3318
51,2025,7,3232
52,2025,7,3379
53,2025,7,3085
54,2025,7,2687
55,2025,7,76895
56,2025,7,66757
57,2025,7,71214
58,2025,7,70997
59,2025,7,69303
60,2025,7,74290
61,2025,7,62753
62,2025,7,64151
63,2025,7,71335
64,2025,7,2689
65,2025,7,2720
66,2025,7,2561
67,2025,7,3000
68,2025,7,3202
69,2025,7,2992
70,2025,7,3383
71,2025,7,3396
72,2025,7,3423
73,2025,7,28858
74,2025,7,29905
75,2025,7,31269
76,2025,7,30794
77,2025,7,29179
78,2025,7,25849
79,2025,7,3379
80,2025,7,2896
1,2025,8,23197
2,2025,8,20663
3,2025,8,3187
4,2025,8,3011
5,2025,8,3652
6,2025,8,3466
7,2025,8,3259
8,2025,8,3238
9,2025,8,3433
10,2025,8,3441
11,2025,8,3397
12,2025,8,3665
13,2025,8,3479
14,2025,8,2998
15,2025,8,2796
16,2025,8,3555
17,2025,8,3377
18,2025,8,3422
19,2025,8,3442
20,2025,8,27133
21,2025,8,24138
22,2025,8,25652
23,2025,8,27412
24,2025,8,3010
25,2025,8,3349
26,2025,8,3690
27,2025,8,3582
28,2025,8,2774
29,2025,8,3514
30,2025,8,3390
31,2025,8,3656
32,2025,8,3150
33,2025,8,53344
34,2025,8,3640
35,2025,8,3268
36,2025,8,2946
37,2025,8,3174
38,2025,8,3571
39,2025,8,3009
40,2025,8,3057
41,2025,8,3705
42,2025,8,3404
43,2025,8,3135
44,2025,8,3062
45,2025,8,3163
46,2025,8,3616
47,2025,8,3471
48,2025,8,2849
49,2025,8,3382
50,2025,8,3519
51,2025,8,3098
52,2025,8,2901
53,2025,8,3492
54,2025,8,3669
55,2025,8,75612
56,2025,8,73509
57,2025,8,89396
58,2025,8,85403
59,2025,8,66336
60,2025,8,67934
61,2025,8,82593
62,2025,8,78584
63,2025,8,81615
64,2025,8,3477
65,2025,8,2928
66,2025,8,3127
67,2025,8,3448
68,2025,8,2955
69,2025,8,2939
70,2025,8,3687
71,2025,8,3201
72,2025,8,3556
73,2025,8,29434
74,2025,8,28200
75,2025,8,29406
76,2025,8,35026
77,2025,8,30153
78,2025,8,36422
79,2025,8,3161
80,2025,8,3373
1,2025,9,36306
2,2025,9,38867
3,2025,9,4499
4,2025,9,4689
5,2025,9,4816
6,2025,9,4665
7,2025,9,4763
8,2025,9,5128
9,2025,9,4966
10,2025,9,5259
11,2025,9,4401
12,2025,9,4341
13,2025,9,5377
14,2025,9,4260
15,2025,9,5123
16,2025,9,5731
17,2025,9,4395
18,2025,9,5033
19,2025,9,4260
20,2025,9,41235
21,2025,9,45842
22,2025,9,43136
23,2025,9,45185
24,2025,9,4959
25,2025,9,4755
26,2025,9,4894
27,2025,9,4806
28,2025,9,5585
29,2025,9,5749
30,2025,9,5475
31,2025,9,5661
32,2025,9,5247
33,2025,9,77082
34,2025,9,4335
35,2025,9,4784
36,2025,9,4745
37,2025,9,4400
38,2025,9,4935
39,2025,9,5297
40,2025,9,5337
41,2025,9,5581
42,2025,9,4458
43,2025,9,5152
44,2025,9,5553
45,2025,9,4669
46,2025,9,5298
47,2025,9,5472
48,2025,9,4802
49,2025,9,5177
50,2025,9,5238
51,2025,9,4962
52,2025,9,4869
53,2025,9,4531
54,2025,9,5729
55,2025,9,136471
56,2025,9,131254
57,2025,9,102598
58,2025,9,114967
59,2025,9,103647
60,2025,9,131072
61,2025,9,113718
62,2025,9,117995
63,2025,9,123843
64,2025,9,4850
65,2025,9,5168
66,2025,9,4372
67,2025,9,4891
68,2025,9,5647
69,2025,9,5646
70,2025,9,5730
71,2025,9,5535
72,2025,9,5607
73,2025,9,53514
74,2025,9,46907
75,2025,9,45426
76,2025,9,44647
77,2025,9,50300
78,2025,9,51078
79,2025,9,5535
80,2025,9,5006
1,2025,10,37311
2,2025,10,45739
3,2025,10,5642
4,2025,10,6311
5,2025,10,6087
6,2025,10,6674
7,2025,10,5402
8,2025,10,5903
9,2025,10,5308
10,2025,10,6292
11,2025,10,5533
12,2025,10,5480
13,2025,10,6455
14,2025,10,6287
15,2025,10,5260
16,2025,10,5882
17,2025,10,6388
18,2025,10,5388
19,2025,10,6772
20,2025,10,53798
21,2025,10,51834
22,2025,10,43973
23,2025,10,44509
24,2025,10,5957
25,2025,10,6715
26,2025,10,5321
27,2025,10,5344
28,2025,10,6062
29,2025,10,6405
30,2025,10,5262
31,2025,10,6345
32,2025,10,6669
33,2025,10,108435
34,2025,10,6479
35,2025,10,6181
36,2025,10,6259
37,2025,10,5778
38,2025,10,6391
39,2025,10,6424
40,2025,10,5786
41,2025,10,6255
42,2025,10,6111
43,2025,10,6641
44,2025,10,6555
45,2025,10,5502
46,2025,10,5308
47,2025,10,5257
48,2025,10,5260
49,2025,10,6433
50,2025,10,6786
51,2025,10,6440
52,2025,10,5308
53,2025,10,5761
54,2025,10,6635
55,2025,10,163615
56,2025,10,147322
57,2025,10,122472
58,2025,10,125073
59,2025,10,145538
60,2025,10,158995
61,2025,10,164729
62,2025,10,136208
63,2025,10,138169
64,2025,10,6322
65,2025,10,6533
66,2025,10,6035
67,2025,10,6182
68,2025,10,5499
69,2025,10,5811
70,2025,10,6068
71,2025,10,5929
72,2025,10,5360
73,2025,10,67972
74,2025,10,66069
75,2025,10,59996
76,2025,10,59204
77,2025,10,61826
78,2025,10,53625
79,2025,10,6297
80,2025,10,6542
1,2025,11,31561
2,2025,11,30632
3,2025,11,4006
4,2025,11,4875
5,2025,11,3769
6,2025,11,4883
7,2025,11,4513
8,2025,11,4222
9,2025,11,4669
10,2025,11,4243
11,2025,11,4510
12,2025,11,4092
13,2025,11,4863
14,2025,11,4037
15,2025,11,4668
16,2025,11,3881
17,2025,11,4546
18,2025,11,4645
19,2025,11,4505
20,2025,11,29436
21,2025,11,37727
22,2025,11,30726
23,2025,11,33872
24,2025,11,4112
25,2025,11,4867
26,2025,11,4453
27,2025,11,4694
28,2025,11,4876
29,2025,11,4311
30,2025,11,4042
31,2025,11,4476
32,2025,11,4875
33,2025,11,73257
34,2025,11,4111
35,2025,11,4285
36,2025,11,3973
37,2025,11,4500
38,2025,11,3861
39,2025,11,4704
40,2025,11,4114
41,2025,11,3779
42,2025,11,4571
43,2025,11,4352
44,2025,11,4638
45,2025,11,4696
46,2025,11,4517
47,2025,11,4195
48,2025,11,3821
49,2025,11,3787
50,2025,11,4499
51,2025,11,3983
52,2025,11,3797
53,2025,11,3890
54,2025,11,4566
55,2025,11,109200
56,2025,11,86979
57,2025,11,108914
58,2025,11,104315
59,2025,11,107456
60,2025,11,116947
61,2025,11,91216
62,2025,11,115782
63,2025,11,99769
64,2025,11,4685
65,2025,11,4793
66,2025,11,3734
67,2025,11,4854
68,2025,11,3841
69,2025,11,3679
70,2025,11,4862
71,2025,11,4441
72,2025,11,4369
73,2025,11,48489
74,2025,11,44118
75,2025,11,41275
76,2025,11,36558
77,2025,11,39195
78,2025,11,42354
79,2025,11,4489
80,2025,11,4829
1,2025,12,18302
2,2025,12,16845
3,2025,12,2643
4,2025,12,2721
5,2025,12,2618
6,2025,12,2708
7,2025,12,2773
8,2025,12,2612
9,2025,12,2331
10,2025,12,2614
11,2025,12,2400
12,2025,12,2215
13,2025,12,2186
14,2025,12,2491
15,2025,12,2626
16,2025,12,2507
17,2025,12,2142
18,2025,12,2554
19,2025,12,2554
20,2025,12,18642
21,2025,12,21472
22,2025,12,21766
23,2025,12,18086
24,2025,12,2488
25,2025,12,2608
26,2025,12,2450
27,2025,12,2553
28,2025,12,2199
29,2025,12,2172
30,2025,12,2806
31,2025,12,2721
32,2025,12,2263
33,2025,12,43754
34,2025,12,2139
35,2025,12,2542
36,2025,12,2527
37,2025,12,2734
38,2025,12,2491
39,2025,12,2514
40,2025,12,2563
41,2025,12,2660
42,2025,12,2717
43,2025,12,2218
44,2025,12,2689
45,2025,12,2849
46,2025,12,2798
47,2025,12,2260
48,2025,12,2574
49,2025,12,2259
50,2025,12,2541
51,2025,12,2725
52,2025,12,2217
53,2025,12,2221
54,2025,12,2279
55,2025,12,53901
56,2025,12,61124
57,2025,12,66326
58,2025,12,51630
59,2025,12,68638
60,2025,12,60110
61,2025,12,57544
62,2025,12,60799
63,2025,12,58614
64,2025,12,2833
65,2025,12,2125
66,2025,12,2350
67,2025,12,2834
68,2025,12,2514
69,2025,12,2712
70,2025,12,2619
71,2025,12,2458
72,2025,12,2557
73,2025,12,26463
74,2025,12,25169
75,2025,12,28645
76,2025,12,23890
77,2025,12,25286
78,2025,12,22823
79,2025,12,2199
80,2025,12,2739
