governorate_code,year,month,total_visitors,international_visitors,domestic_visitors
AMM,2020,1,37576,11460,26116
IRB,2020,1,7427,2559,4868
ZAR,2020,1,4385,1908,2477
MAF,2020,1,1840,583,1257
JER,2020,1,2083,637,1446
AJL,2020,1,483,193,290
BAL,2020,1,5062,1719,3343
MAD,2020,1,592,242,350
KAR,2020,1,873,364,509
TAF,2020,1,314,94,220
MAA,2020,1,3773,1658,2115
AQAB,2020,1,2684,888,1796
AMM,2020,2,47850,17576,30274
IRB,2020,2,8157,2604,5553
ZAR,2020,2,5275,2219,3056
MAF,2020,2,2098,935,1163
JER,2020,2,2515,1243,1272
AJL,2020,2,593,243,350
BAL,2020,2,7564,3204,4360
MAD,2020,2,733,304,429
KAR,2020,2,1181,365,816
TAF,2020,2,308,110,198
MAA,2020,2,3523,1220,2303
AQAB,2020,2,2896,1029,1867
AMM,2020,3,62559,23332,39227
IRB,2020,3,12757,4361,8396
ZAR,2020,3,6347,3093,3254
MAF,2020,3,2866,1208,1658
JER,2020,3,3204,1428,1776
AJL,2020,3,791,297,494
BAL,2020,3,11278,4826,6452
MAD,2020,3,961,419,542
KAR,2020,3,1753,797,956
TAF,2020,3,440,134,306
MAA,2020,3,5441,1923,3518
AQAB,2020,3,4292,2096,2196
AMM,2020,4,80280,29136,51144
IRB,2020,4,16672,6320,10352
ZAR,2020,4,9207,3607,5600
MAF,2020,4,3061,1069,1992
JER,2020,4,4344,1531,2813
AJL,2020,4,1082,518,564
BAL,2020,4,11444,3935,7509
MAD,2020,4,1303,523,780
KAR,2020,4,1673,517,1156
TAF,2020,4,508,216,292
MAA,2020,4,7517,2889,4628
AQAB,2020,4,4901,1844,3057
AMM,2020,5,75965,30828,45137
IRB,2020,5,16666,7868,8798
ZAR,2020,5,6406,2845,3561
MAF,2020,5,3184,1297,1887
JER,2020,5,3636,1556,2080
AJL,2020,5,855,330,525
BAL,2020,5,10667,5234,5433
MAD,2020,5,1156,407,749
KAR,2020,5,1749,587,1162
TAF,2020,5,593,281,312
MAA,2020,5,5952,2546,3406
AQAB,2020,5,5339,1764,3575
AMM,2020,6,51877,21159,30718
IRB,2020,6,11507,4672,6835
ZAR,2020,6,4641,1693,2948
MAF,2020,6,1879,912,967
JER,2020,6,3167,1476,1691
AJL,2020,6,663,206,457
BAL,2020,6,8759,4286,4473
MAD,2020,6,662,262,400
KAR,2020,6,1107,500,607
TAF,2020,6,414,134,280
MAA,2020,6,4573,1874,2699
AQAB,2020,6,3494,1657,1837
AMM,2020,7,41108,14073,27035
IRB,2020,7,9402,4193,5209
ZAR,2020,7,4348,1575,2773
MAF,2020,7,2206,948,1258
JER,2020,7,2442,985,1457
AJL,2020,7,545,187,358
BAL,2020,7,6549,2735,3814
MAD,2020,7,607,208,399
KAR,2020,7,969,413,556
TAF,2020,7,308,148,160
MAA,2020,7,4467,1403,3064
AQAB,2020,7,3031,1314,1717
AMM,2020,8,41219,13456,27763
IRB,2020,8,11257,4662,6595
ZAR,2020,8,5076,2319,2757
MAF,2020,8,2248,760,1488
JER,2020,8,2343,904,1439
AJL,2020,8,644,253,391
BAL,2020,8,7882,3426,4456
MAD,2020,8,811,259,552
KAR,2020,8,1157,425,732
TAF,2020,8,399,139,260
MAA,2020,8,3918,1526,2392
AQAB,2020,8,3442,1224,2218
AMM,2020,9,55600,26946,28654
IRB,2020,9,13048,6162,6886
ZAR,2020,9,6927,2148,4779
MAF,2020,9,3156,1474,1682
JER,2020,9,4055,1967,2088
AJL,2020,9,972,323,649
BAL,2020,9,9791,3355,6436
MAD,2020,9,916,285,631
KAR,2020,9,1532,761,771
TAF,2020,9,446,203,243
MAA,2020,9,5682,2185,3497
AQAB,2020,9,5344,2667,2677
AMM,2020,10,67230,29828,37402
IRB,2020,10,13090,4703,8387
ZAR,2020,10,8562,3560,5002
MAF,2020,10,3057,1374,1683
JER,2020,10,3390,1413,1977
AJL,2020,10,968,455,513
BAL,2020,10,9705,4776,4929
MAD,2020,10,908,306,602
KAR,2020,10,1798,782,1016
TAF,2020,10,486,157,329
MAA,2020,10,7077,2471,4606
AQAB,2020,10,5316,2253,3063
AMM,2020,11,52790,21999,30791
IRB,2020,11,12029,5857,6172
ZAR,2020,11,5597,2480,3117
MAF,2020,11,2276,862,1414
JER,2020,11,3364,1211,2153
AJL,2020,11,748,336,412
BAL,2020,11,7715,3021,4694
MAD,2020,11,977,487,490
KAR,2020,11,1247,427,820
TAF,2020,11,401,195,206
MAA,2020,11,5776,2748,3028
AQAB,2020,11,4064,1347,2717
AMM,2020,12,42985,18943,24042
IRB,2020,12,8917,4435,4482
ZAR,2020,12,4640,1399,3241
MAF,2020,12,1953,702,1251
JER,2020,12,2424,1182,1242
AJL,2020,12,509,164,345
BAL,2020,12,5638,2315,3323
MAD,2020,12,572,240,332
KAR,2020,12,1100,374,726
TAF,2020,12,324,114,210
MAA,2020,12,3731,1794,1937
AQAB,2020,12,3372,1073,2299
AMM,2021,1,35240,12522,22718
IRB,2021,1,6778,3078,3700
ZAR,2021,1,4263,1502,2761
MAF,2021,1,1766,724,1042
JER,2021,1,2086,629,1457
AJL,2021,1,460,219,241
BAL,2021,1,6615,2706,3909
MAD,2021,1,623,259,364
KAR,2021,1,853,277,576
TAF,2021,1,271,130,141
MAA,2021,1,3763,1776,1987
AQAB,2021,1,3157,1079,2078
AMM,2021,2,38917,12475,26442
IRB,2021,2,10073,4803,5270
ZAR,2021,2,4642,1968,2674
MAF,2021,2,1722,836,886
JER,2021,2,2760,1366,1394
AJL,2021,2,673,320,353
BAL,2021,2,5902,2640,3262
MAD,2021,2,628,305,323
KAR,2021,2,1213,573,640
TAF,2021,2,367,129,238
MAA,2021,2,4379,1408,2971
AQAB,2021,2,3657,1725,1932
AMM,2021,3,55107,25532,29575
IRB,2021,3,13116,4735,8381
ZAR,2021,3,7429,2566,4863
MAF,2021,3,2352,796,1556
JER,2021,3,3371,1594,1777
AJL,2021,3,1003,356,647
BAL,2021,3,10251,3894,6357
MAD,2021,3,1081,440,641
KAR,2021,3,1799,581,1218
TAF,2021,3,547,183,364
MAA,2021,3,6559,2315,4244
AQAB,2021,3,4147,1604,2543
AMM,2021,4,77081,27960,49121
IRB,2021,4,16437,6612,9825
ZAR,2021,4,7907,3283,4624
MAF,2021,4,3051,1347,1704
JER,2021,4,3628,1759,1869
AJL,2021,4,1068,474,594
BAL,2021,4,12657,5494,7163
MAD,2021,4,1087,341,746
KAR,2021,4,2002,732,1270
TAF,2021,4,543,254,289
MAA,2021,4,7367,2652,4715
AQAB,2021,4,5317,2029,3288
AMM,2021,5,64188,23051,41137
IRB,2021,5,12969,4981,7988
ZAR,2021,5,8498,3700,4798
MAF,2021,5,3384,1431,1953
JER,2021,5,3676,1505,2171
AJL,2021,5,822,293,529
BAL,2021,5,10589,4404,6185
MAD,2021,5,1087,427,660
KAR,2021,5,1718,588,1130
TAF,2021,5,523,251,272
MAA,2021,5,6898,2303,4595
AQAB,2021,5,4526,1824,2702
AMM,2021,6,50008,18354,31654
IRB,2021,6,11634,5237,6397
ZAR,2021,6,5742,1980,3762
MAF,2021,6,1997,608,1389
JER,2021,6,2626,1037,1589
AJL,2021,6,777,244,533
BAL,2021,6,7665,3264,4401
MAD,2021,6,686,301,385
KAR,2021,6,1269,442,827
TAF,2021,6,401,120,281
MAA,2021,6,4954,2249,2705
AQAB,2021,6,3316,1276,2040
AMM,2021,7,37987,18674,19313
IRB,2021,7,9342,2896,6446
ZAR,2021,7,4417,2074,2343
MAF,2021,7,1896,872,1024
JER,2021,7,2613,1300,1313
AJL,2021,7,633,310,323
BAL,2021,7,7692,3250,4442
MAD,2021,7,705,282,423
KAR,2021,7,1223,500,723
TAF,2021,7,376,168,208
MAA,2021,7,4001,1407,2594
AQAB,2021,7,3040,1299,1741
AMM,2021,8,48679,19678,29001
IRB,2021,8,10334,3667,6667
ZAR,2021,8,4469,1596,2873
MAF,2021,8,1917,697,1220
JER,2021,8,2698,884,1814
AJL,2021,8,606,265,341
BAL,2021,8,7832,2450,5382
MAD,2021,8,689,281,408
KAR,2021,8,1162,396,766
TAF,2021,8,351,168,183
MAA,2021,8,4428,1944,2484
AQAB,2021,8,3902,1768,2134
AMM,2021,9,57955,17454,40501
IRB,2021,9,12684,5716,6968
ZAR,2021,9,7548,3703,3845
MAF,2021,9,2678,1203,1475
JER,2021,9,3604,1516,2088
AJL,2021,9,806,277,529
BAL,2021,9,9644,2949,6695
MAD,2021,9,898,391,507
KAR,2021,9,1544,514,1030
TAF,2021,9,475,154,321
MAA,2021,9,5971,1823,4148
AQAB,2021,9,4550,1878,2672
AMM,2021,10,56743,24317,32426
IRB,2021,10,13006,5102,7904
ZAR,2021,10,6494,2440,4054
MAF,2021,10,2758,1007,1751
JER,2021,10,4216,1584,2632
AJL,2021,10,1041,485,556
BAL,2021,10,10013,3167,6846
MAD,2021,10,889,362,527
KAR,2021,10,2011,744,1267
TAF,2021,10,551,251,300
MAA,2021,10,6624,2986,3638
AQAB,2021,10,5867,1994,3873
AMM,2021,11,46317,15306,31011
IRB,2021,11,10607,4602,6005
ZAR,2021,11,6259,2150,4109
MAF,2021,11,2618,1186,1432
JER,2021,11,2880,1213,1667
AJL,2021,11,850,274,576
BAL,2021,11,9698,4780,4918
MAD,2021,11,750,228,522
KAR,2021,11,1350,587,763
TAF,2021,11,491,186,305
MAA,2021,11,5518,1739,3779
AQAB,2021,11,4471,1902,2569
AMM,2021,12,34406,15637,18769
IRB,2021,12,9535,4005,5530
ZAR,2021,12,3931,1952,1979
MAF,2021,12,1935,714,1221
JER,2021,12,2261,845,1416
AJL,2021,12,573,211,362
BAL,2021,12,7062,3280,3782
MAD,2021,12,541,266,275
KAR,2021,12,1075,500,575
TAF,2021,12,331,128,203
MAA,2021,12,4006,1975,2031
AQAB,2021,12,2844,1312,1532
AMM,2022,1,36480,14471,22009
IRB,2022,1,7811,3485,4326
ZAR,2022,1,3810,1792,2018
MAF,2022,1,1810,574,1236
JER,2022,1,2377,829,1548
AJL,2022,1,522,220,302
BAL,2022,1,5686,1738,3948
MAD,2022,1,626,210,416
KAR,2022,1,871,400,471
TAF,2022,1,274,130,144
MAA,2022,1,3664,1301,2363
AQAB,2022,1,2405,1177,1228
AMM,2022,2,36847,16360,20487
IRB,2022,2,9260,4182,5078
ZAR,2022,2,5050,2167,2883
MAF,2022,2,1916,878,1038
JER,2022,2,2184,751,1433
AJL,2022,2,651,235,416
BAL,2022,2,7052,2783,4269
MAD,2022,2,667,256,411
KAR,2022,2,1195,437,758
TAF,2022,2,356,126,230
MAA,2022,2,3731,1209,2522
AQAB,2022,2,2986,967,2019
AMM,2022,3,60759,27489,33270
IRB,2022,3,12021,4126,7895
ZAR,2022,3,6792,3021,3771
MAF,2022,3,3137,1270,1867
JER,2022,3,3323,1063,2260
AJL,2022,3,799,276,523
BAL,2022,3,8888,2691,6197
MAD,2022,3,954,338,616
KAR,2022,3,1816,745,1071
TAF,2022,3,508,165,343
MAA,2022,3,6396,2546,3850
AQAB,2022,3,5225,2167,3058
AMM,2022,4,71473,27738,43735
IRB,2022,4,14421,4474,9947
ZAR,2022,4,9272,3667,5605
MAF,2022,4,3612,1373,2239
JER,2022,4,3720,1584,2136
AJL,2022,4,914,301,613
BAL,2022,4,12023,4337,7686
MAD,2022,4,1302,421,881
KAR,2022,4,2059,867,1192
TAF,2022,4,626,216,410
MAA,2022,4,6958,2714,4244
AQAB,2022,4,5543,2616,2927
AMM,2022,5,75845,27385,48460
IRB,2022,5,15132,6384,8748
ZAR,2022,5,8047,3939,4108
MAF,2022,5,2754,942,1812
JER,2022,5,4098,1358,2740
AJL,2022,5,873,275,598
BAL,2022,5,9203,3590,5613
MAD,2022,5,1068,382,686
KAR,2022,5,1608,709,899
TAF,2022,5,560,218,342
MAA,2022,5,6692,3244,3448
AQAB,2022,5,5616,2386,3230
AMM,2022,6,50415,24538,25877
IRB,2022,6,10381,4244,6137
ZAR,2022,6,5701,2746,2955
MAF,2022,6,2411,757,1654
JER,2022,6,2558,924,1634
AJL,2022,6,756,312,444
BAL,2022,6,7368,2393,4975
MAD,2022,6,798,351,447
KAR,2022,6,1440,576,864
TAF,2022,6,383,121,262
MAA,2022,6,3971,1534,2437
AQAB,2022,6,3559,1245,2314
AMM,2022,7,36920,18178,18742
IRB,2022,7,10229,4245,5984
ZAR,2022,7,5423,2711,2712
MAF,2022,7,2020,714,1306
JER,2022,7,2145,967,1178
AJL,2022,7,610,262,348
BAL,2022,7,7743,2603,5140
MAD,2022,7,678,289,389
KAR,2022,7,1110,353,757
TAF,2022,7,320,117,203
MAA,2022,7,4237,1997,2240
AQAB,2022,7,3122,1369,1753
AMM,2022,8,42220,20647,21573
IRB,2022,8,10892,4465,6427
ZAR,2022,8,5048,1831,3217
MAF,2022,8,1949,962,987
JER,2022,8,2589,1043,1546
AJL,2022,8,756,326,430
BAL,2022,8,7469,2858,4611
MAD,2022,8,642,239,403
KAR,2022,8,1284,545,739
TAF,2022,8,388,132,256
MAA,2022,8,4383,2128,2255
AQAB,2022,8,3459,1520,1939
AMM,2022,9,53285,26356,26929
IRB,2022,9,13708,4768,8940
ZAR,2022,9,6124,2511,3613
MAF,2022,9,2788,888,1900
JER,2022,9,4079,1968,2111
AJL,2022,9,869,281,588
BAL,2022,9,10813,4321,6492
MAD,2022,9,1006,404,602
KAR,2022,9,1481,691,790
TAF,2022,9,549,191,358
MAA,2022,9,5848,2203,3645
AQAB,2022,9,5294,2126,3168
AMM,2022,10,73648,34821,38827
IRB,2022,10,13622,6238,7384
ZAR,2022,10,7315,3561,3754
MAF,2022,10,3026,1404,1622
JER,2022,10,3655,1314,2341
AJL,2022,10,993,496,497
BAL,2022,10,10783,3555,7228
MAD,2022,10,1051,387,664
KAR,2022,10,1776,725,1051
TAF,2022,10,520,189,331
MAA,2022,10,5744,2524,3220
AQAB,2022,10,5281,1830,3451
AMM,2022,11,58573,18083,40490
IRB,2022,11,12824,5655,7169
ZAR,2022,11,6715,2533,4182
MAF,2022,11,2591,1202,1389
JER,2022,11,3661,1460,2201
AJL,2022,11,681,272,409
BAL,2022,11,9090,4308,4782
MAD,2022,11,945,366,579
KAR,2022,11,1442,564,878
TAF,2022,11,460,175,285
MAA,2022,11,5424,1794,3630
AQAB,2022,11,4191,2069,2122
AMM,2022,12,37180,16304,20876
IRB,2022,12,9016,4240,4776
ZAR,2022,12,4904,2314,2590
MAF,2022,12,1720,624,1096
JER,2022,12,2462,1112,1350
AJL,2022,12,635,195,440
BAL,2022,12,5564,2371,3193
MAD,2022,12,691,345,346
KAR,2022,12,1110,429,681
TAF,2022,12,274,116,158
MAA,2022,12,4162,1617,2545
AQAB,2022,12,3232,1553,1679
AMM,2023,1,31155,14307,16848
IRB,2023,1,7471,2801,4670
ZAR,2023,1,3659,1486,2173
MAF,2023,1,1679,769,910
JER,2023,1,1921,606,1315
AJL,2023,1,586,248,338
BAL,2023,1,5441,2625,2816
MAD,2023,1,506,198,308
KAR,2023,1,883,309,574
TAF,2023,1,245,112,133
MAA,2023,1,3871,1685,2186
AQAB,2023,1,2530,982,1548
AMM,2023,2,40129,16754,23375
IRB,2023,2,9679,3725,5954
ZAR,2023,2,4418,2072,2346
MAF,2023,2,1748,658,1090
JER,2023,2,2475,859,1616
AJL,2023,2,629,261,368
BAL,2023,2,7901,2836,5065
MAD,2023,2,756,326,430
KAR,2023,2,1037,428,609
TAF,2023,2,354,158,196
MAA,2023,2,3486,1468,2018
AQAB,2023,2,3286,1580,1706
AMM,2023,3,56257,25865,30392
IRB,2023,3,13701,5075,8626
ZAR,2023,3,7104,3013,4091
MAF,2023,3,2891,1284,1607
JER,2023,3,3724,1741,1983
AJL,2023,3,913,438,475
BAL,2023,3,10265,3713,6552
MAD,2023,3,928,385,543
KAR,2023,3,1700,540,1160
TAF,2023,3,450,202,248
MAA,2023,3,5199,1697,3502
AQAB,2023,3,4755,2350,2405
AMM,2023,4,72803,35141,37662
IRB,2023,4,17509,6152,11357
ZAR,2023,4,8986,3561,5425
MAF,2023,4,3596,1615,1981
JER,2023,4,4059,1311,2748
AJL,2023,4,1202,394,808
BAL,2023,4,13452,6349,7103
MAD,2023,4,1210,600,610
KAR,2023,4,2175,1002,1173
TAF,2023,4,552,252,300
MAA,2023,4,5904,2404,3500
AQAB,2023,4,5563,2417,3146
AMM,2023,5,69542,28992,40550
IRB,2023,5,16014,7815,8199
ZAR,2023,5,6624,2296,4328
MAF,2023,5,2589,1234,1355
JER,2023,5,3982,1923,2059
AJL,2023,5,887,277,610
BAL,2023,5,11868,5718,6150
MAD,2023,5,977,372,605
KAR,2023,5,1559,762,797
TAF,2023,5,497,198,299
MAA,2023,5,5570,2659,2911
AQAB,2023,5,4604,1798,2806
AMM,2023,6,50549,22677,27872
IRB,2023,6,12040,4621,7419
ZAR,2023,6,5856,1937,3919
MAF,2023,6,2139,684,1455
JER,2023,6,2834,1081,1753
AJL,2023,6,799,244,555
BAL,2023,6,7561,2938,4623
MAD,2023,6,858,404,454
KAR,2023,6,1119,489,630
TAF,2023,6,389,192,197
MAA,2023,6,4412,1674,2738
AQAB,2023,6,3410,1106,2304
AMM,2023,7,46472,18167,28305
IRB,2023,7,9746,4174,5572
ZAR,2023,7,4916,1495,3421
MAF,2023,7,2086,727,1359
JER,2023,7,2209,912,1297
AJL,2023,7,536,242,294
BAL,2023,7,6279,2154,4125
MAD,2023,7,734,268,466
KAR,2023,7,995,477,518
TAF,2023,7,285,134,151
MAA,2023,7,3602,1174,2428
AQAB,2023,7,3043,1019,2024
AMM,2023,8,47263,14422,32841
IRB,2023,8,8507,3896,4611
ZAR,2023,8,4715,1719,2996
MAF,2023,8,1857,576,1281
JER,2023,8,2859,1158,1701
AJL,2023,8,708,279,429
BAL,2023,8,7990,3217,4773
MAD,2023,8,625,250,375
KAR,2023,8,1351,417,934
TAF,2023,8,390,184,206
MAA,2023,8,4347,1702,2645
AQAB,2023,8,4015,1253,2762
AMM,2023,9,59733,22717,37016
IRB,2023,9,14016,5579,8437
ZAR,2023,9,7663,2411,5252
MAF,2023,9,2399,1011,1388
JER,2023,9,3091,1097,1994
AJL,2023,9,915,374,541
BAL,2023,9,9318,4648,4670
MAD,2023,9,953,372,581
KAR,2023,9,1640,524,1116
TAF,2023,9,509,239,270
MAA,2023,9,6020,2731,3289
AQAB,2023,9,5011,1718,3293
AMM,2023,10,65163,22526,42637
IRB,2023,10,13896,5429,8467
ZAR,2023,10,7317,2334,4983
MAF,2023,10,2953,1278,1675
JER,2023,10,3763,1243,2520
AJL,2023,10,1090,341,749
BAL,2023,10,11894,3789,8105
MAD,2023,10,913,408,505
KAR,2023,10,1912,786,1126
TAF,2023,10,541,223,318
MAA,2023,10,6012,1950,4062
AQAB,2023,10,4942,2140,2802
AMM,2023,11,58163,27547,30616
IRB,2023,11,12739,6288,6451
ZAR,2023,11,6326,2342,3984
MAF,2023,11,2528,865,1663
JER,2023,11,3349,1154,2195
AJL,2023,11,698,327,371
BAL,2023,11,8498,3845,4653
MAD,2023,11,869,400,469
KAR,2023,11,1579,781,798
TAF,2023,11,473,199,274
MAA,2023,11,5405,1649,3756
AQAB,2023,11,4774,2224,2550
AMM,2023,12,36347,12215,24132
IRB,2023,12,9153,3311,5842
ZAR,2023,12,4222,1271,2951
MAF,2023,12,1982,819,1163
JER,2023,12,2241,735,1506
AJL,2023,12,594,181,413
BAL,2023,12,6864,2354,4510
MAD,2023,12,599,220,379
KAR,2023,12,993,441,552
TAF,2023,12,337,139,198
MAA,2023,12,3277,1017,2260
AQAB,2023,12,2741,1160,1581
AMM,2024,1,37950,13450,24500
IRB,2024,1,8351,3316,5035
ZAR,2024,1,4023,1426,2597
MAF,2024,1,1772,571,1201
JER,2024,1,2088,744,1344
AJL,2024,1,556,220,336
BAL,2024,1,6196,1915,4281
MAD,2024,1,549,230,319
KAR,2024,1,813,292,521
TAF,2024,1,263,86,177
MAA,2024,1,3202,1170,2032
AQAB,2024,1,2403,1079,1324
AMM,2024,2,37985,14283,23702
IRB,2024,2,9860,3944,5916
ZAR,2024,2,5254,2423,2831
MAF,2024,2,1674,790,884
JER,2024,2,2146,651,1495
AJL,2024,2,693,327,366
BAL,2024,2,7040,2919,4121
MAD,2024,2,703,269,434
KAR,2024,2,984,299,685
TAF,2024,2,318,146,172
MAA,2024,2,4174,1946,2228
AQAB,2024,2,3704,1176,2528
AMM,2024,3,66325,23125,43200
IRB,2024,3,13628,5516,8112
ZAR,2024,3,6610,2393,4217
MAF,2024,3,2612,957,1655
JER,2024,3,3201,1287,1914
AJL,2024,3,778,312,466
BAL,2024,3,11031,4080,6951
MAD,2024,3,1009,467,542
KAR,2024,3,1740,604,1136
TAF,2024,3,429,145,284
MAA,2024,3,5936,2683,3253
AQAB,2024,3,4919,1649,3270
AMM,2024,4,78040,31124,46916
IRB,2024,4,17145,7749,9396
ZAR,2024,4,8063,3909,4154
MAF,2024,4,3357,1433,1924
JER,2024,4,4425,2092,2333
AJL,2024,4,1096,361,735
BAL,2024,4,10272,3990,6282
MAD,2024,4,1066,378,688
KAR,2024,4,1653,663,990
TAF,2024,4,543,211,332
MAA,2024,4,5993,2794,3199
AQAB,2024,4,4923,2327,2596
AMM,2024,5,73172,30951,42221
IRB,2024,5,14633,5744,8889
ZAR,2024,5,7629,3496,4133
MAF,2024,5,3378,1317,2061
JER,2024,5,4273,1838,2435
AJL,2024,5,916,361,555
BAL,2024,5,9684,3025,6659
MAD,2024,5,915,439,476
KAR,2024,5,1666,737,929
TAF,2024,5,528,176,352
MAA,2024,5,5856,2269,3587
AQAB,2024,5,5076,2053,3023
AMM,2024,6,43167,16169,26998
IRB,2024,6,9928,3790,6138
ZAR,2024,6,5194,2179,3015
MAF,2024,6,2386,1024,1362
JER,2024,6,2473,788,1685
AJL,2024,6,741,264,477
BAL,2024,6,8395,3620,4775
MAD,2024,6,848,402,446
KAR,2024,6,1208,503,705
TAF,2024,6,342,126,216
MAA,2024,6,5254,2310,2944
AQAB,2024,6,3638,1524,2114
AMM,2024,7,47608,17230,30378
IRB,2024,7,8948,4101,4847
ZAR,2024,7,5225,2267,2958
MAF,2024,7,2111,945,1166
JER,2024,7,2626,1064,1562
AJL,2024,7,642,246,396
BAL,2024,7,6598,2457,4141
MAD,2024,7,598,205,393
KAR,2024,7,1262,501,761
TAF,2024,7,308,100,208
MAA,2024,7,3520,1650,1870
AQAB,2024,7,2896,1315,1581
AMM,2024,8,49617,23654,25963
IRB,2024,8,8575,3150,5425
ZAR,2024,8,5527,1802,3725
MAF,2024,8,1982,658,1324
JER,2024,8,2931,1331,1600
AJL,2024,8,721,240,481
BAL,2024,8,7237,2765,4472
MAD,2024,8,746,259,487
KAR,2024,8,1172,418,754
TAF,2024,8,386,150,236
MAA,2024,8,4364,1579,2785
AQAB,2024,8,3851,1516,2335
AMM,2024,9,66156,24713,41443
IRB,2024,9,15055,7480,7575
ZAR,2024,9,6745,2403,4342
MAF,2024,9,2647,1073,1574
JER,2024,9,4052,1877,2175
AJL,2024,9,959,314,645
BAL,2024,9,9096,3895,5201
MAD,2024,9,1051,431,620
KAR,2024,9,1400,656,744
TAF,2024,9,530,189,341
MAA,2024,9,6214,2203,4011
AQAB,2024,9,5271,1736,3535
AMM,2024,10,64883,31746,33137
IRB,2024,10,13384,5222,8162
ZAR,2024,10,7168,2188,4980
MAF,2024,10,2614,1046,1568
JER,2024,10,3600,1796,1804
AJL,2024,10,931,284,647
BAL,2024,10,12215,5714,6501
MAD,2024,10,1086,497,589
KAR,2024,10,1558,556,1002
TAF,2024,10,580,254,326
MAA,2024,10,5649,2491,3158
AQAB,2024,10,5090,1532,3558
AMM,2024,11,47272,16601,30671
IRB,2024,11,13148,5387,7761
ZAR,2024,11,6560,2660,3900
MAF,2024,11,2182,780,1402
JER,2024,11,3008,931,2077
AJL,2024,11,772,354,418
BAL,2024,11,8736,2814,5922
MAD,2024,11,953,399,554
KAR,2024,11,1223,492,731
TAF,2024,11,398,130,268
MAA,2024,11,5073,2145,2928
AQAB,2024,11,3900,1494,2406
AMM,2024,12,41000,13002,27998
IRB,2024,12,9857,3090,6767
ZAR,2024,12,4470,1794,2676
MAF,2024,12,2045,840,1205
JER,2024,12,2234,880,1354
AJL,2024,12,595,295,300
BAL,2024,12,5919,1794,4125
MAD,2024,12,667,246,421
KAR,2024,12,1105,470,635
TAF,2024,12,337,150,187
MAA,2024,12,3555,1098,2457
AQAB,2024,12,3097,1432,1665
AMM,2025,1,32552,14838,17714
IRB,2025,1,7880,3459,4421
ZAR,2025,1,4256,1967,2289
MAF,2025,1,1431,651,780
JER,2025,1,2105,755,1350
AJL,2025,1,455,154,301
BAL,2025,1,5089,2476,2613
MAD,2025,1,569,283,286
KAR,2025,1,966,338,628
TAF,2025,1,309,104,205
MAA,2025,1,3307,1508,1799
AQAB,2025,1,3129,1146,1983
AMM,2025,2,37338,13949,23389
IRB,2025,2,10378,4656,5722
ZAR,2025,2,5342,2015,3327
MAF,2025,2,2194,875,1319
JER,2025,2,2486,1205,1281
AJL,2025,2,619,284,335
BAL,2025,2,7352,2321,5031
MAD,2025,2,681,316,365
KAR,2025,2,1128,410,718
TAF,2025,2,293,126,167
MAA,2025,2,3797,1596,2201
AQAB,2025,2,3217,1408,1809
AMM,2025,3,57435,17717,39718
IRB,2025,3,14748,5464,9284
ZAR,2025,3,7844,2783,5061
MAF,2025,3,3140,1537,1603
JER,2025,3,3101,1325,1776
AJL,2025,3,843,387,456
BAL,2025,3,10363,5083,5280
MAD,2025,3,843,355,488
KAR,2025,3,1724,529,1195
TAF,2025,3,417,190,227
MAA,2025,3,5529,2082,3447
AQAB,2025,3,4794,2018,2776
AMM,2025,4,76010,37227,38783
IRB,2025,4,15318,6933,8385
ZAR,2025,4,8370,3397,4973
MAF,2025,4,3193,1372,1821
JER,2025,4,3945,1273,2672
AJL,2025,4,1130,451,679
BAL,2025,4,11400,4700,6700
MAD,2025,4,1052,370,682
KAR,2025,4,1877,937,940
TAF,2025,4,538,260,278
MAA,2025,4,6893,2236,4657
AQAB,2025,4,6236,2434,3802
AMM,2025,5,74032,28800,45232
IRB,2025,5,12796,5583,7213
ZAR,2025,5,8284,3014,5270
MAF,2025,5,2881,901,1980
JER,2025,5,3959,1893,2066
AJL,2025,5,1070,473,597
BAL,2025,5,12204,5217,6987
MAD,2025,5,1131,454,677
KAR,2025,5,1550,527,1023
TAF,2025,5,470,215,255
MAA,2025,5,5435,2232,3203
AQAB,2025,5,4966,2287,2679
AMM,2025,6,48835,20627,28208
IRB,2025,6,9301,3365,5936
ZAR,2025,6,6277,2785,3492
MAF,2025,6,2212,1003,1209
JER,2025,6,3119,981,2138
AJL,2025,6,803,344,459
BAL,2025,6,7749,3378,4371
MAD,2025,6,720,342,378
KAR,2025,6,1378,589,789
TAF,2025,6,347,171,176
MAA,2025,6,4514,2176,2338
AQAB,2025,6,3258,1058,2200
AMM,2025,7,37698,12550,25148
IRB,2025,7,8798,3887,4911
ZAR,2025,7,4556,2224,2332
MAF,2025,7,2149,1008,1141
JER,2025,7,2302,982,1320
AJL,2025,7,625,203,422
BAL,2025,7,6476,2633,3843
MAD,2025,7,662,220,442
KAR,2025,7,1260,416,844
TAF,2025,7,352,156,196
MAA,2025,7,4159,1948,2211
AQAB,2025,7,3352,1558,1794
AMM,2025,8,38705,11963,26742
IRB,2025,8,10378,4310,6068
ZAR,2025,8,5350,2425,2925
MAF,2025,8,2007,858,1149
JER,2025,8,2664,1133,1531
AJL,2025,8,618,303,315
BAL,2025,8,7337,3381,3956
MAD,2025,8,748,268,480
KAR,2025,8,1039,324,715
TAF,2025,8,353,140,213
MAA,2025,8,3936,1658,2278
AQAB,2025,8,3326,1475,1851
AMM,2025,9,64336,30376,33960
IRB,2025,9,15168,4947,10221
ZAR,2025,9,6559,2704,3855
MAF,2025,9,2596,1020,1576
JER,2025,9,3307,1156,2151
AJL,2025,9,773,276,497
BAL,2025,9,9492,4015,5477
MAD,2025,9,873,412,461
KAR,2025,9,1427,521,906
TAF,2025,9,491,178,313
MAA,2025,9,6214,2483,3731
AQAB,2025,9,4720,1886,2834
AMM,2025,10,62326,18986,43340
IRB,2025,10,16552,6638,9914
ZAR,2025,10,8557,2935,5622
MAF,2025,10,2886,894,1992
JER,2025,10,3904,1860,2044
AJL,2025,10,1012,398,614
BAL,2025,10,10936,5133,5803
MAD,2025,10,1017,484,533
KAR,2025,10,1868,845,1023
TAF,2025,10,506,192,314
MAA,2025,10,6469,2192,4277
AQAB,2025,10,5252,1652,3600
AMM,2025,11,54170,24532,29638
IRB,2025,11,11157,5554,5603
ZAR,2025,11,6474,2096,4378
MAF,2025,11,2822,1068,1754
JER,2025,11,3482,1280,2202
AJL,2025,11,896,404,492
BAL,2025,11,8051,3235,4816
MAD,2025,11,850,262,588
KAR,2025,11,1275,467,808
TAF,2025,11,428,167,261
MAA,2025,11,5349,2156,3193
AQAB,2025,11,4011,1695,2316
AMM,2025,12,35117,17492,17625
IRB,2025,12,9248,3327,5921
ZAR,2025,12,4218,1964,2254
MAF,2025,12,1801,795,1006
JER,2025,12,2171,1005,1166
AJL,2025,12,549,238,311
BAL,2025,12,7312,3047,4265
MAD,2025,12,668,297,371
KAR,2025,12,1091,333,758
TAF,2025,12,309,152,157
MAA,2025,12,4061,1848,2213
AQAB,2025,12,3126,1388,1738
